AX,AY,AZ
-0.47,0.43,-0.74
-0.47,0.43,-0.75
-0.47,0.43,-0.75
-0.47,0.43,-0.75
-0.47,0.44,-0.74
-0.47,0.44,-0.74
-0.48,0.44,-0.74
-0.47,0.43,-0.74
-0.47,0.43,-0.74
-0.47,0.43,-0.74
-0.47,0.43,-0.74
-0.47,0.43,-0.74
-0.47,0.43,-0.74
-0.47,0.44,-0.74
-0.47,0.44,-0.74
-0.47,0.44,-0.74
-0.47,0.43,-0.74
-0.54,0.20,-0.67
-0.59,-0.05,-0.53
-0.53,0.69,-0.60
-0.51,0.61,-0.96
-0.24,0.78,-0.91
-0.43,0.47,-0.90
-0.45,0.46,-0.71
-0.42,0.48,-0.71
-0.40,0.47,-0.78
-0.39,0.43,-0.83
-0.37,0.43,-0.87
-0.38,0.35,-0.82
-0.40,0.38,-0.78
-0.41,0.41,-0.73
-0.42,0.42,-0.73
-0.40,0.43,-0.78
-0.40,0.45,-0.84
-0.45,0.41,-0.82
-0.49,0.38,-0.69
-0.51,0.42,-0.57
-0.58,0.41,-0.63
-0.41,0.46,-0.90
-0.33,0.51,-0.95
-0.33,0.76,-0.70
-0.28,0.83,-0.71
-0.24,0.69,-0.91
-0.23,0.61,-0.90
-0.08,0.44,-0.74
-0.07,0.33,-0.83
-0.01,0.50,-0.74
-0.03,0.51,-0.73
-0.10,0.34,-0.68
-0.43,0.16,-0.91
-1.54,0.45,-0.77
-0.51,0.56,-0.90
-0.16,0.63,-0.97
-0.07,0.76,-0.70
0.06,0.45,-0.90
0.07,0.68,-0.88
0.06,0.88,-0.98
0.22,1.03,-1.00
0.28,0.94,-1.09
0.25,0.89,-1.01
0.25,0.85,-0.92
0.28,0.77,-1.02
0.29,0.75,-1.11
0.21,0.79,-1.12
0.11,0.84,-1.08
-1.25,1.00,-1.02
0.20,0.74,-1.04
0.43,0.75,-0.72
0.46,0.77,-0.61
0.49,0.75,-0.57
0.51,0.79,-0.52
0.51,0.74,-0.52
0.44,0.64,-0.47
0.23,0.63,-0.51
-0.04,0.61,-0.66
-0.27,0.63,-0.81
-0.37,0.71,-0.97
-0.30,0.78,-1.05
-0.09,0.82,-1.07
0.18,0.76,-0.94
0.37,0.73,-0.82
0.47,0.75,-0.76
0.51,0.87,-0.81
0.51,0.79,-0.82
0.38,0.75,-0.83
0.17,0.74,-0.86
-0.01,0.77,-0.87
-0.10,0.77,-0.84
-0.10,0.73,-0.81
-0.06,0.73,-0.80
0.01,0.76,-0.81
0.09,0.79,-0.80
0.11,0.72,-0.73
0.10,0.69,-0.64
0.03,0.70,-0.67
-0.04,0.76,-0.79
-0.09,0.78,-0.93
-0.19,0.73,-1.05
-0.32,0.72,-1.08
-0.44,0.65,-1.01
-0.33,0.40,-1.01
-0.33,0.62,-0.91
-0.19,0.66,-0.75
-0.06,0.53,-0.64
-0.06,0.42,-0.53
-0.17,0.40,-0.57
-0.33,0.44,-0.64
-0.49,0.56,-0.74
-0.63,0.40,-0.82
-0.78,0.43,-0.84
-0.83,0.45,-0.80
-0.73,0.35,-0.73
-0.54,0.26,-0.66
-0.43,0.19,-0.58
-0.53,-0.00,-0.39
-0.59,-0.01,-0.18
-0.90,0.05,-0.20
-1.11,0.03,-0.32
-1.16,-0.02,-0.36
-1.06,-0.02,-0.46
-0.93,-0.14,-0.41
-0.84,-0.14,-0.36
-0.75,-0.14,-0.38
-0.71,-0.14,-0.46
-0.78,-0.09,-0.48
-0.86,-0.10,-0.48
-0.83,-0.09,-0.43
-0.76,-0.10,-0.38
-0.66,-0.23,-0.36
-0.71,-0.25,-0.34
-0.94,-0.27,-0.23
-1.18,-0.20,-0.24
-1.34,-0.18,-0.20
-1.41,-0.16,-0.32
-1.35,-0.17,-0.37
-1.24,-0.19,-0.42
-1.06,-0.22,-0.39
-0.91,-0.25,-0.41
-0.84,-0.24,-0.53
-0.84,-0.23,-0.58
-0.90,-0.23,-0.57
-0.97,-0.23,-0.48
-1.03,-0.24,-0.45
-0.99,-0.20,-0.49
-0.92,-0.21,-0.57
-0.83,-0.22,-0.67
-0.78,-0.25,-0.67
-0.75,-0.23,-0.58
-0.73,-0.24,-0.55
-0.72,-0.23,-0.60
-0.72,-0.21,-0.69
-0.71,-0.20,-0.77
-0.65,-0.22,-0.75
-0.62,-0.24,-0.68
-0.69,-0.26,-0.62
-0.76,-0.24,-0.60
-0.82,-0.24,-0.63
-0.83,-0.24,-0.64
-0.78,-0.23,-0.65
-0.71,-0.24,-0.65
-0.66,-0.22,-0.71
-0.63,-0.22,-0.72
-0.64,-0.25,-0.74
-0.69,-0.24,-0.73
-0.69,-0.26,-0.71
-0.69,-0.25,-0.66
-0.70,-0.26,-0.65
-0.70,-0.24,-0.68
-0.66,-0.25,-0.70
-0.62,-0.25,-0.75
-0.60,-0.27,-0.76
-0.62,-0.26,-0.75
-0.66,-0.26,-0.67
-0.71,-0.27,-0.60
-0.79,-0.27,-0.55
-0.87,-0.27,-0.57
-0.90,-0.26,-0.62
-0.82,-0.26,-0.62
-0.75,-0.27,-0.62
-0.73,-0.26,-0.66
-0.78,-0.26,-0.65
-0.93,-0.24,-0.66
-1.10,-0.24,-0.63
-1.23,-0.22,-0.60
-1.24,-0.22,-0.57
-1.20,-0.25,-0.53
-1.19,-0.23,-0.52
-1.20,-0.21,-0.50
-1.16,-0.19,-0.46
-1.11,-0.22,-0.37
-1.14,-0.22,-0.33
-1.22,-0.20,-0.34
-1.27,-0.17,-0.33
-1.28,-0.14,-0.34
-1.29,-0.12,-0.30
-1.26,-0.07,-0.26
-1.23,-0.05,-0.19
-1.25,0.03,-0.22
-1.25,0.08,-0.28
-1.19,0.14,-0.36
-0.96,0.26,-0.52
-0.53,0.38,-0.61
-0.09,0.30,-0.60
0.07,0.24,-0.59
-0.12,0.21,-0.63
-0.48,0.28,-0.65
-0.74,0.24,-0.61
-0.86,0.34,-0.59
-0.70,0.41,-0.56
-0.33,0.46,-0.62
0.04,0.53,-0.79
0.29,0.53,-0.96
0.37,0.48,-1.08
0.30,0.45,-1.19
0.14,0.41,-1.18
-0.01,0.42,-1.03
-0.10,0.40,-0.93
-0.14,0.46,-0.88
-0.01,0.39,-1.05
0.27,0.61,-0.85
0.56,0.58,-0.91
0.83,0.44,-1.08
0.89,0.43,-1.23
0.79,0.44,-1.35
0.64,0.37,-1.34
0.46,0.35,-1.14
0.32,0.34,-0.86
0.26,0.40,-0.73
0.36,0.47,-0.80
0.56,0.47,-1.08
0.71,0.47,-1.34
0.75,0.44,-1.45
0.74,0.42,-1.44
0.72,0.35,-1.26
0.69,0.30,-1.06
0.60,0.29,-0.96
0.51,0.28,-0.95
0.45,0.31,-1.00
0.46,0.31,-1.10
0.48,0.27,-1.19
0.41,0.26,-1.27
0.36,0.22,-1.19
0.31,0.20,-1.16
0.28,0.19,-0.94
0.27,0.12,-0.88
0.24,0.12,-0.90
0.19,0.08,-0.95
0.11,0.08,-1.00
0.07,0.03,-1.03
-0.00,0.07,-1.09
-0.02,0.08,-0.97
-0.03,0.06,-0.85
-0.05,0.07,-0.90
-0.03,0.07,-0.96
0.00,0.07,-1.03
0.01,0.12,-1.17
-0.02,0.08,-1.02
-0.01,0.06,-1.00
0.02,0.06,-0.93
0.02,0.05,-0.97
-0.01,0.06,-1.00
-0.01,0.06,-1.01
-0.02,0.06,-0.97
-0.01,0.06,-0.94
0.02,0.06,-0.91
0.04,0.06,-0.92
0.02,0.07,-0.98
-0.00,0.09,-1.02
0.00,0.09,-1.05
0.03,0.08,-1.05
0.06,0.09,-1.01
0.06,0.06,-0.93
0.03,0.06,-0.90
0.01,0.08,-0.92
0.03,0.08,-0.96
0.07,0.08,-0.97
0.07,0.08,-0.98
0.04,0.09,-0.98
0.02,0.09,-0.98
0.01,0.09,-0.99
0.01,0.09,-1.01
0.03,0.11,-1.00
0.06,0.09,-0.95
0.09,0.09,-0.91
0.10,0.10,-0.93
0.13,0.12,-1.01
0.17,0.11,-1.04
0.19,0.11,-1.03
0.17,0.11,-1.02
0.16,0.11,-1.01
0.17,0.13,-1.04
0.19,0.14,-1.05
0.20,0.14,-1.02
0.20,0.15,-1.00
0.20,0.16,-1.02
0.22,0.17,-1.06
0.25,0.18,-1.07
0.27,0.19,-1.09
0.31,0.21,-1.13
0.38,0.23,-1.14
0.43,0.25,-1.16
0.46,0.25,-1.19
0.43,0.24,-1.18
0.37,0.24,-1.13
0.30,0.25,-1.08
0.28,0.25,-1.03
0.30,0.27,-1.06
0.33,0.29,-1.15
0.36,0.32,-1.24
0.37,0.34,-1.27
0.38,0.35,-1.21
0.35,0.34,-1.13
0.29,0.35,-1.08
0.24,0.36,-1.09
0.24,0.36,-1.12
0.29,0.36,-1.09
0.32,0.36,-1.02
0.26,0.38,-1.00
0.16,0.39,-1.03
0.12,0.43,-1.09
0.19,0.42,-1.04
0.20,0.40,-0.99
0.11,0.43,-0.95
0.02,0.39,-0.86
-0.02,0.39,-0.78
-0.02,0.36,-0.70
-0.02,0.36,-0.69
-0.09,0.35,-0.73
-0.18,0.36,-0.82
-0.23,0.36,-0.85
-0.24,0.35,-0.79
-0.26,0.37,-0.67
-0.35,0.34,-0.64
-0.53,0.33,-0.63
-0.68,0.33,-0.57
-0.71,0.28,-0.49
-0.71,0.24,-0.43
-0.73,0.16,-0.42
-0.77,0.23,-0.29
-0.88,0.16,-0.49
-1.04,0.19,-0.75
-1.10,0.12,-0.51
-1.13,0.18,-0.45
-1.07,-0.08,-0.38
-1.23,0.00,-0.33
-1.34,0.01,-0.30
-1.39,-0.03,-0.37
-1.42,-0.07,-0.43
-1.43,-0.08,-0.48
-1.40,0.02,-0.60
-1.35,-0.09,-0.55
-1.32,-0.09,-0.64
-1.24,-0.11,-0.63
-1.18,-0.10,-0.63
-1.12,-0.14,-0.64
-1.07,-0.13,-0.62
-0.96,-0.15,-0.61
-0.85,-0.15,-0.62
-0.79,-0.16,-0.71
-0.76,-0.16,-0.77
-0.74,-0.17,-0.76
-0.72,-0.17,-0.70
-0.70,-0.17,-0.64
-0.68,-0.18,-0.62
-0.70,-0.18,-0.62
-0.72,-0.18,-0.65
-0.72,-0.18,-0.66
-0.70,-0.18,-0.66
-0.68,-0.17,-0.68
-0.63,-0.17,-0.73
-0.57,-0.16,-0.81
-0.54,-0.15,-0.87
-0.50,-0.15,-0.87
-0.49,-0.16,-0.85
-0.51,-0.16,-0.83
-0.57,-0.17,-0.77
-0.63,-0.17,-0.73
-0.65,-0.16,-0.73
-0.61,-0.16,-0.78
-0.53,-0.16,-0.83
-0.49,-0.16,-0.84
-0.52,-0.15,-0.85
-0.55,-0.14,-0.85
-0.55,-0.15,-0.82
-0.57,-0.16,-0.79
-0.59,-0.17,-0.77
-0.58,-0.16,-0.76
-0.52,-0.16,-0.78
-0.48,-0.16,-0.83
-0.46,-0.16,-0.86
-0.46,-0.16,-0.86
-0.49,-0.16,-0.85
-0.51,-0.15,-0.84
-0.52,-0.16,-0.83
-0.54,-0.16,-0.80
-0.55,-0.15,-0.77
-0.54,-0.17,-0.72
-0.52,-0.16,-0.72
-0.52,-0.15,-0.82
-0.52,-0.15,-0.91
-0.52,-0.15,-0.89
-0.52,-0.15,-0.83
-0.53,-0.14,-0.81
-0.55,-0.15,-0.83
-0.58,-0.16,-0.83
-0.63,-0.15,-0.82
-0.63,-0.14,-0.81
-0.58,-0.14,-0.81
-0.53,-0.15,-0.83
-0.54,-0.15,-0.84
-0.57,-0.14,-0.82
-0.59,-0.14,-0.80
-0.59,-0.15,-0.78
-0.61,-0.16,-0.75
-0.62,-0.16,-0.74
-0.61,-0.16,-0.75
-0.58,-0.17,-0.76
-0.54,-0.17,-0.74
-0.52,-0.16,-0.75
-0.48,-0.16,-0.77
-0.46,-0.16,-0.82
-0.45,-0.16,-0.85
-0.43,-0.17,-0.83
-0.43,-0.16,-0.80
-0.44,-0.15,-0.80
-0.45,-0.15,-0.85
-0.44,-0.15,-0.89
-0.43,-0.15,-0.90
-0.40,-0.15,-0.84
-0.41,-0.16,-0.81
-0.47,-0.14,-0.85
-0.47,-0.13,-0.89
-0.45,-0.14,-0.88
-0.44,-0.14,-0.86
-0.47,-0.14,-0.85
-0.53,-0.13,-0.84
-0.58,-0.12,-0.84
-0.60,-0.12,-0.84
-0.62,-0.10,-0.84
-0.65,-0.10,-0.88
-0.75,-0.08,-0.93
-0.90,-0.07,-0.91
-1.07,-0.07,-0.85
-1.25,-0.06,-0.78
-1.46,-0.02,-0.72
-1.72,0.03,-0.62
-2.05,0.12,-0.59
-2.32,0.23,-0.61
-2.51,0.35,-0.67
-2.64,0.49,-0.74
-2.70,0.63,-0.76
-2.70,0.79,-0.70
-2.60,0.90,-0.53
-2.43,1.05,-0.36
-2.22,1.11,-0.25
-1.88,1.21,-0.24
-1.36,1.27,-0.02
-0.82,1.26,0.08
-0.41,1.20,0.04
-0.11,1.26,-0.01
0.19,1.38,-0.24
0.58,1.42,-0.48
0.97,1.40,-0.73
1.31,1.27,-0.95
1.50,1.13,-1.06
1.54,1.09,-1.07
1.60,1.08,-1.04
1.81,1.32,-1.01
1.91,1.03,-1.20
2.09,0.92,-1.55
2.50,0.71,-1.48
2.48,0.58,-1.52
2.08,0.51,-1.45
1.55,0.45,-1.31
1.18,0.39,-1.17
1.08,0.28,-1.02
1.07,0.19,-0.85
0.95,0.19,-0.95
0.82,0.14,-1.02
0.61,0.13,-1.09
0.41,0.13,-1.05
0.31,0.12,-0.98
0.29,0.10,-0.95
0.33,0.08,-0.98
0.36,0.05,-1.03
0.33,0.02,-1.01
0.26,-0.02,-0.94
0.19,-0.04,-0.91
0.13,-0.04,-0.93
0.11,-0.05,-0.92
0.12,-0.05,-0.91
0.12,-0.05,-0.91
0.10,-0.07,-0.90
0.11,-0.07,-0.88
0.14,-0.09,-0.85
0.14,-0.08,-0.87
0.17,-0.07,-0.91
0.19,-0.06,-0.94
0.19,-0.04,-0.98
0.20,-0.09,-1.02
0.18,-0.04,-0.99
0.20,-0.08,-1.03
0.16,-0.08,-1.00
0.13,-0.09,-0.93
0.11,-0.10,-0.83
0.10,-0.08,-0.84
0.12,-0.08,-0.92
0.15,-0.06,-1.02
0.17,-0.06,-1.08
0.18,-0.06,-1.06
0.17,-0.06,-1.02
0.16,-0.06,-0.96
0.14,-0.07,-0.90
0.15,-0.06,-0.91
0.20,-0.08,-1.00
0.22,-0.04,-1.03
0.22,-0.05,-1.05
0.19,-0.06,-1.05
0.15,-0.05,-1.01
0.15,-0.06,-0.96
0.17,-0.05,-0.97
0.20,-0.05,-0.99
0.21,-0.04,-0.99
0.20,-0.04,-1.01
0.19,-0.03,-1.03
0.18,-0.04,-1.00
0.16,-0.04,-0.96
0.13,-0.04,-0.93
0.11,-0.04,-0.95
0.09,-0.03,-0.99
0.10,-0.02,-1.01
0.12,-0.03,-0.97
0.13,-0.04,-0.91
0.13,-0.03,-0.90
0.14,-0.04,-0.93
0.15,-0.03,-0.96
0.14,-0.04,-0.95
0.13,-0.03,-0.94
0.14,-0.03,-0.92
0.14,-0.04,-0.93
0.14,-0.04,-0.96
0.15,-0.04,-0.99
0.16,-0.05,-0.95
0.16,-0.05,-0.90
0.16,-0.03,-0.94
0.20,-0.01,-0.99
0.26,-0.01,-1.01
0.26,0.01,-1.03
0.26,0.06,-1.09
0.34,0.08,-1.12
0.47,0.11,-1.14
0.66,0.19,-1.08
0.95,0.25,-0.99
1.18,0.34,-1.06
1.32,0.51,-1.23
1.48,0.70,-1.44
1.75,0.89,-1.65
2.08,1.08,-1.88
2.36,1.22,-2.05
2.50,1.34,-2.11
2.47,1.43,-1.97
2.26,1.55,-1.67
1.90,1.61,-1.19
1.48,1.63,-0.75
1.17,1.63,-0.45
0.88,1.59,-0.29
0.51,1.62,-0.32
0.09,1.60,-0.41
-0.36,1.63,-0.53
-0.75,1.63,-0.50
-1.16,1.43,-0.34
-1.59,1.46,-0.18
-1.90,1.32,-0.17
-2.07,1.15,-0.23
-2.13,1.04,-0.49
-2.12,1.05,-0.70
-1.78,0.72,-1.01
-1.88,0.71,-0.81
-1.97,0.41,-0.91
-1.97,0.30,-0.77
-1.99,0.13,-0.63
-1.97,-0.09,-0.53
-1.89,-0.17,-0.55
-1.73,-0.21,-0.61
-1.57,-0.19,-0.67
-1.49,-0.15,-0.67
-1.46,-0.12,-0.65
-1.37,-0.12,-0.61
-1.19,-0.14,-0.56
-1.04,-0.18,-0.49
-0.97,-0.19,-0.48
-0.93,-0.19,-0.50
-0.84,-0.22,-0.50
-0.70,-0.25,-0.53
-0.53,-0.26,-0.61
-0.37,-0.27,-0.74
-0.31,-0.26,-0.86
-0.35,-0.26,-0.89
-0.40,-0.24,-0.92
-0.39,-0.24,-0.93
-0.38,-0.24,-0.90
-0.38,-0.23,-0.88
-0.38,-0.22,-0.87
-0.39,-0.22,-0.91
-0.39,-0.22,-0.94
-0.39,-0.22,-0.93
-0.42,-0.23,-0.91
-0.46,-0.22,-0.93
-0.46,-0.22,-0.92
-0.46,-0.23,-0.88
-0.43,-0.23,-0.87
-0.37,-0.22,-0.88
-0.33,-0.23,-0.89
-0.33,-0.23,-0.90
-0.35,-0.22,-0.91
-0.38,-0.22,-0.89
-0.41,-0.23,-0.85
-0.41,-0.23,-0.81
-0.38,-0.22,-0.83
-0.35,-0.23,-0.88
-0.36,-0.24,-0.90
-0.39,-0.23,-0.88
-0.42,-0.23,-0.85
-0.42,-0.23,-0.85
-0.40,-0.23,-0.86
-0.39,-0.22,-0.88
-0.39,-0.22,-0.86
-0.41,-0.22,-0.84
-0.41,-0.21,-0.84
-0.40,-0.22,-0.88
-0.39,-0.21,-0.90
-0.37,-0.22,-0.89
-0.37,-0.22,-0.87
-0.41,-0.21,-0.88
-0.42,-0.21,-0.87
-0.40,-0.21,-0.86
-0.40,-0.22,-0.84
-0.40,-0.20,-0.89
-0.36,-0.20,-0.93
-0.35,-0.22,-0.92
-0.41,-0.21,-0.90
-0.45,-0.20,-0.88
-0.45,-0.20,-0.87
-0.41,-0.21,-0.89
-0.38,-0.21,-0.88
-0.36,-0.21,-0.87
-0.37,-0.21,-0.87
-0.40,-0.21,-0.88
-0.41,-0.20,-0.90
-0.39,-0.20,-0.89
-0.39,-0.21,-0.86
-0.41,-0.21,-0.85
-0.44,-0.21,-0.86
-0.46,-0.20,-0.85
-0.46,-0.21,-0.84
-0.44,-0.20,-0.85
-0.42,-0.21,-0.86
-0.41,-0.21,-0.87
-0.42,-0.19,-0.90
-0.42,-0.20,-0.92
-0.44,-0.20,-0.91
-0.50,-0.19,-0.87
-0.54,-0.18,-0.85
-0.54,-0.19,-0.85
-0.53,-0.19,-0.85
-0.52,-0.18,-0.86
-0.53,-0.19,-0.87
-0.56,-0.19,-0.84
-0.60,-0.19,-0.83
-0.67,-0.18,-0.82
-0.75,-0.17,-0.83
-0.83,-0.15,-0.84
-0.90,-0.15,-0.79
-1.01,-0.14,-0.72
-1.19,-0.10,-0.70
-1.39,-0.06,-0.73
-1.59,0.01,-0.77
-1.76,0.08,-0.75
-1.89,0.13,-0.66
-2.03,0.19,-0.63
-2.27,0.30,-0.70
-2.55,0.49,-0.86
-2.65,0.68,-0.88
-2.54,0.89,-0.73
-2.29,1.06,-0.47
-2.01,1.16,-0.21
-1.74,1.34,-0.10
-1.35,1.51,-0.13
-0.73,1.55,-0.23
-0.03,1.52,-0.24
0.63,1.48,-0.19
1.21,1.36,-0.20
1.55,1.19,-0.35
1.53,1.13,-0.73
1.33,1.19,-1.15
1.36,1.22,-1.33
1.68,1.16,-1.33
1.99,1.05,-1.38
2.11,0.90,-1.45
2.13,0.44,-1.57
1.96,0.67,-1.45
1.91,0.53,-1.39
1.71,0.43,-1.33
1.34,0.37,-1.28
1.04,0.34,-1.14
0.93,0.29,-1.01
0.94,0.24,-0.93
0.96,0.13,-0.87
0.82,0.09,-0.91
0.59,0.07,-0.98
0.38,0.07,-1.00
0.29,0.06,-0.96
0.33,0.06,-0.91
0.42,0.06,-0.92
0.42,0.06,-0.97
0.35,0.06,-1.00
0.26,0.05,-1.02
0.22,0.04,-1.04
0.29,0.03,-1.03
0.38,-0.01,-0.98
0.33,-0.01,-0.96
0.21,-0.01,-0.94
0.11,-0.00,-0.95
0.09,-0.01,-0.97
0.13,-0.03,-0.98
0.15,-0.05,-0.99
0.14,-0.05,-0.98
0.11,-0.06,-0.97
0.13,-0.06,-0.90
0.18,-0.06,-0.85
0.21,-0.06,-0.91
0.21,-0.05,-1.00
0.18,-0.05,-1.04
0.15,-0.04,-1.01
0.13,-0.03,-0.99
0.15,-0.03,-0.99
0.17,-0.02,-0.99
0.19,-0.01,-0.97
0.22,-0.01,-0.94
0.26,-0.02,-0.94
0.31,-0.03,-0.95
0.33,-0.04,-0.99
0.28,-0.04,-1.05
0.23,-0.03,-1.08
0.19,-0.03,-1.05
0.17,-0.02,-0.97
0.19,-0.04,-0.86
0.19,-0.03,-0.85
0.19,-0.03,-0.90
0.20,-0.03,-0.96
0.22,-0.03,-0.98
0.22,-0.04,-0.98
0.21,-0.04,-0.95
0.19,-0.03,-0.91
0.16,-0.03,-0.90
0.12,-0.02,-0.92
0.11,-0.02,-0.95
0.13,-0.02,-0.96
0.16,-0.02,-0.95
0.19,-0.02,-0.94
0.21,-0.02,-0.95
0.21,-0.02,-0.96
0.20,-0.01,-0.98
0.20,-0.02,-1.00
0.19,-0.02,-1.00
0.16,-0.01,-0.98
0.17,-0.01,-0.97
0.21,-0.01,-0.95
0.25,-0.02,-0.95
0.26,-0.02,-0.98
0.25,-0.02,-1.01
0.24,-0.02,-1.02
0.27,-0.02,-1.00
0.26,-0.03,-0.94
0.22,-0.03,-0.93
0.20,-0.01,-0.95
0.21,-0.02,-0.93
0.23,-0.02,-0.90
0.23,-0.01,-0.90
0.27,0.00,-0.95
0.39,0.02,-0.97
0.51,0.02,-0.95
0.56,0.04,-0.95
0.58,0.09,-0.97
0.69,0.14,-0.98
0.89,0.18,-0.98
1.12,0.24,-1.03
1.38,0.32,-1.07
1.65,0.39,-1.10
1.84,0.51,-1.14
1.91,0.60,-1.28
1.93,0.66,-1.37
1.95,0.77,-1.33
1.99,0.85,-1.17
1.97,0.92,-1.02
1.81,0.99,-0.93
1.47,1.10,-0.91
1.13,1.23,-0.88
0.83,1.29,-0.75
0.49,1.28,-0.62
0.14,1.29,-0.58
-0.11,1.22,-0.52
-0.28,1.11,-0.39
-0.48,1.01,-0.29
-0.72,0.95,-0.27
-0.96,0.89,-0.30
-1.16,0.81,-0.37
-1.27,0.57,-0.70
-1.36,0.72,-0.71
-1.33,0.57,-0.80
-1.41,0.56,-0.98
-1.52,0.55,-1.21
-1.74,0.55,-1.19
-1.84,0.36,-1.03
-1.89,0.34,-1.07
-1.80,0.25,-1.14
-1.62,0.24,-1.00
-1.38,0.15,-0.97
-1.24,0.11,-1.06
-1.16,0.07,-1.06
-1.04,0.05,-0.97
-0.84,0.01,-0.90
-0.67,-0.04,-0.88
-0.64,-0.09,-0.86
-0.65,-0.09,-0.80
-0.62,-0.10,-0.73
-0.53,-0.11,-0.73
-0.40,-0.12,-0.81
-0.30,-0.13,-0.85
-0.29,-0.12,-0.85
-0.28,-0.11,-0.85
-0.26,-0.09,-0.89
-0.20,-0.09,-0.95
-0.16,-0.09,-1.00
-0.15,-0.08,-1.03
-0.17,-0.08,-1.02
-0.18,-0.07,-1.00
-0.16,-0.07,-1.00
-0.17,-0.06,-1.03
-0.18,-0.06,-1.05
-0.20,-0.06,-1.04
-0.20,-0.07,-1.00
-0.21,-0.08,-0.98
-0.25,-0.08,-0.99
-0.29,-0.07,-0.96
-0.30,-0.08,-0.90
-0.31,-0.07,-0.91
-0.32,-0.08,-0.96
-0.32,-0.08,-0.99
-0.30,-0.08,-0.95
-0.26,-0.08,-0.95
-0.24,-0.08,-1.00
-0.26,-0.09,-1.02
-0.29,-0.09,-0.95
-0.29,-0.10,-0.88
-0.27,-0.11,-0.86
-0.27,-0.11,-0.90
-0.25,-0.11,-0.89
-0.25,-0.11,-0.88
-0.26,-0.11,-0.89
-0.28,-0.10,-0.93
-0.30,-0.10,-0.96
-0.26,-0.11,-0.92
-0.22,-0.12,-0.89
-0.22,-0.11,-0.92
-0.23,-0.10,-0.95
-0.24,-0.09,-0.97
-0.22,-0.11,-0.94
-0.23,-0.11,-0.88
-0.28,-0.10,-0.89
-0.28,-0.09,-0.95
-0.23,-0.10,-0.99
-0.22,-0.10,-0.96
-0.24,-0.09,-0.94
-0.27,-0.08,-0.97
-0.28,-0.08,-0.99
-0.28,-0.08,-0.95
-0.28,-0.09,-0.88
-0.26,-0.09,-0.87
-0.24,-0.09,-0.92
-0.27,-0.08,-0.98
-0.29,-0.07,-1.00
-0.27,-0.08,-0.97
-0.26,-0.08,-0.94
-0.31,-0.07,-0.95
-0.36,-0.07,-0.96
-0.36,-0.07,-0.93
-0.31,-0.08,-0.91
-0.29,-0.08,-0.92
-0.33,-0.07,-0.93
-0.37,-0.07,-0.95
-0.39,-0.06,-0.98
-0.40,-0.05,-0.94
-0.41,-0.06,-0.92
-0.42,-0.05,-0.96
-0.37,-0.05,-0.99
-0.32,-0.06,-0.98
-0.37,-0.06,-1.00
-0.43,-0.04,-0.99
-0.42,-0.05,-0.94
-0.39,-0.06,-0.83
-0.50,-0.04,-0.89
-0.64,-0.01,-0.98
-0.75,0.01,-1.02
-0.82,0.04,-0.98
-0.92,0.06,-0.95
-1.04,0.10,-0.96
-1.22,0.14,-0.98
-1.48,0.21,-1.05
-1.74,0.32,-1.11
-1.88,0.40,-1.07
-1.98,0.49,-1.04
-2.05,0.59,-1.03
-2.10,0.69,-0.99
-2.14,0.77,-0.91
-2.14,0.91,-0.80
-2.02,0.99,-0.59
-1.79,1.08,-0.27
-1.51,1.14,-0.03
-1.25,1.21,0.03
-0.90,1.30,0.01
-0.45,1.29,0.03
-0.13,1.28,-0.03
0.07,1.34,-0.14
0.32,1.37,-0.15
0.67,1.45,-0.16
0.99,1.47,-0.30
1.26,1.53,-0.63
1.48,1.50,-1.03
1.78,1.57,-1.25
1.99,1.30,-1.13
2.22,1.39,-1.37
2.66,1.22,-1.62
2.88,1.06,-1.78
2.64,0.84,-1.83
2.10,0.75,-1.67
1.55,0.62,-1.40
1.17,0.50,-1.32
0.90,0.53,-1.33
0.79,0.37,-1.22
0.60,0.33,-1.08
0.41,0.29,-0.86
0.30,0.29,-0.77
0.27,0.26,-0.84
0.25,0.26,-1.02
0.26,0.24,-1.15
0.25,0.20,-1.11
0.18,0.18,-1.04
0.14,0.10,-0.91
0.08,0.12,-0.94
0.08,0.11,-1.02
0.14,0.10,-1.07
0.19,0.08,-0.99
0.22,0.01,-0.91
0.16,0.07,-0.94
0.15,0.07,-1.01
0.18,0.06,-1.04
0.16,0.07,-1.00
0.14,0.07,-0.92
0.16,0.08,-0.90
0.18,0.08,-0.90
0.17,0.07,-0.93
0.14,0.06,-0.98
0.12,0.07,-1.00
0.12,0.06,-0.95
0.14,0.06,-0.88
0.14,0.06,-0.91
0.15,0.07,-0.97
0.19,0.06,-0.98
0.17,0.05,-0.96
0.11,0.06,-1.00
0.10,0.07,-1.04
0.15,0.06,-1.05
0.19,0.07,-1.04
0.21,0.09,-1.02
0.19,0.10,-1.02
0.18,0.11,-1.04
0.19,0.11,-1.02
0.22,0.09,-0.98
0.23,0.08,-0.95
0.20,0.06,-0.93
0.12,0.06,-0.93
0.07,0.06,-0.94
0.11,0.06,-0.94
0.19,0.04,-0.93
0.22,0.03,-0.92
0.16,0.04,-0.93
0.13,0.05,-0.89
0.10,0.05,-0.84
0.07,0.07,-0.85
0.05,0.09,-0.95
0.04,0.09,-1.05
0.07,0.09,-1.05
0.10,0.08,-0.97
0.13,0.08,-0.89
0.14,0.08,-0.90
0.14,0.09,-0.96
0.15,0.10,-1.01
0.18,0.10,-1.02
0.18,0.10,-1.02
0.16,0.10,-1.02
0.15,0.10,-1.00
0.18,0.10,-0.96
0.21,0.09,-0.93
0.21,0.09,-0.97
0.21,0.09,-1.01
0.20,0.09,-1.02
0.23,0.08,-1.00
0.29,0.06,-0.96
0.28,0.05,-0.95
0.20,0.05,-0.93
0.14,0.08,-0.90
0.19,0.09,-0.88
0.27,0.11,-0.89
0.33,0.15,-0.93
0.43,0.20,-0.96
0.62,0.24,-0.99
0.84,0.32,-1.06
1.07,0.40,-1.16
1.32,0.52,-1.17
1.60,0.68,-1.14
1.91,0.88,-1.21
2.28,1.08,-1.36
2.65,1.26,-1.54
2.87,1.37,-1.69
2.85,1.49,-1.69
2.61,1.63,-1.49
2.22,1.74,-1.07
1.78,1.82,-0.68
1.43,1.84,-0.56
1.20,1.92,-0.60
0.98,2.07,-0.50
0.67,2.09,-0.29
0.12,2.12,-0.12
-0.50,2.05,-0.07
-1.07,2.04,-0.05
-1.48,1.85,0.02
-1.69,1.74,0.03
-1.72,1.62,-0.04
-1.70,1.47,-0.24
-1.71,1.37,-0.57
-1.71,1.21,-0.86
-1.80,0.95,-0.90
-1.96,0.65,-0.71
-2.15,0.55,-0.52
-2.21,0.36,-0.32
-2.14,0.36,-0.58
-1.90,0.25,-0.75
-1.74,0.32,-0.86
-1.63,0.31,-0.84
-1.55,0.27,-0.85
-1.51,0.26,-0.92
-1.41,0.18,-0.97
-1.33,0.14,-0.82
-1.22,0.11,-0.72
-1.10,0.07,-0.73
-0.98,0.03,-0.79
-0.81,0.03,-0.83
-0.62,0.02,-0.85
-0.48,0.01,-0.87
-0.43,0.01,-0.91
-0.49,0.01,-0.98
-0.57,0.02,-0.99
-0.56,0.01,-0.93
-0.45,-0.02,-0.83
-0.38,-0.04,-0.80
-0.40,-0.05,-0.81
-0.48,-0.05,-0.82
-0.54,-0.05,-0.83
-0.45,-0.04,-0.86
-0.31,-0.05,-0.91
-0.29,-0.05,-0.92
-0.36,-0.04,-0.92
-0.42,-0.04,-0.93
-0.40,-0.05,-0.95
-0.37,-0.06,-0.94
-0.37,-0.08,-0.89
-0.41,-0.05,-0.87
-0.37,-0.04,-0.90
-0.29,-0.05,-0.93
-0.26,-0.06,-0.91
-0.33,-0.05,-0.90
-0.41,-0.05,-0.90
-0.47,-0.05,-0.91
-0.47,-0.07,-0.85
-0.45,-0.09,-0.76
-0.43,-0.08,-0.78
-0.38,-0.07,-0.91
-0.33,-0.07,-0.99
-0.32,-0.06,-0.98
-0.33,-0.05,-0.94
-0.34,-0.06,-0.93
-0.37,-0.06,-0.94
-0.41,-0.06,-0.90
-0.39,-0.07,-0.82
-0.36,-0.07,-0.81
-0.35,-0.08,-0.86
-0.39,-0.07,-0.88
-0.49,-0.06,-0.89
-0.54,-0.05,-0.89
-0.46,-0.04,-0.87
-0.33,-0.06,-0.89
-0.28,-0.06,-0.97
-0.31,-0.05,-1.02
-0.34,-0.05,-1.00
-0.34,-0.05,-0.95
-0.33,-0.06,-0.91
-0.35,-0.06,-0.89
-0.33,-0.05,-0.89
-0.26,-0.05,-0.93
-0.22,-0.06,-0.95
-0.24,-0.07,-0.94
-0.30,-0.07,-0.93
-0.34,-0.07,-0.91
-0.33,-0.08,-0.87
-0.37,-0.08,-0.87
-0.43,-0.07,-0.87
-0.44,-0.07,-0.86
-0.42,-0.07,-0.86
-0.40,-0.06,-0.91
-0.40,-0.04,-0.96
-0.41,-0.04,-0.96
-0.43,-0.04,-0.92
-0.48,-0.03,-0.92
-0.53,-0.01,-0.97
-0.59,0.01,-1.00
-0.74,0.04,-0.97
-0.91,0.06,-0.94
-1.01,0.07,-0.92
-1.09,0.08,-0.93
-1.19,0.10,-0.95
-1.32,0.14,-0.94
-1.40,0.18,-0.92
-1.42,0.22,-0.90
-1.42,0.25,-0.90
-1.42,0.28,-0.90
-1.44,0.30,-0.87
-1.47,0.34,-0.80
-1.50,0.38,-0.73
-1.53,0.44,-0.68
-1.54,0.52,-0.68
-1.61,0.61,-0.74
-1.73,0.74,-0.79
-1.75,0.85,-0.70
-1.63,0.95,-0.51
-1.40,1.03,-0.33
-1.18,1.13,-0.25
-0.98,1.21,-0.27
-0.71,1.28,-0.36
-0.40,1.27,-0.37
-0.16,1.25,-0.22
-0.13,1.24,-0.08
-0.19,1.39,-0.12
0.03,1.57,-0.28
0.70,1.66,-0.51
1.50,1.62,-0.69
2.26,1.76,-0.96
2.83,1.04,-1.14
2.80,1.14,-1.51
2.62,0.86,-1.68
2.33,0.80,-1.66
2.12,0.69,-1.41
2.00,0.57,-1.18
1.87,0.48,-1.07
1.70,0.45,-1.07
1.58,0.39,-1.09
1.48,0.27,-1.09
1.30,0.26,-1.23
1.07,0.22,-1.07
0.83,0.16,-0.87
0.66,0.14,-0.82
0.56,0.11,-0.92
0.46,0.07,-1.05
0.32,0.05,-1.06
0.17,0.05,-0.99
0.03,0.03,-0.93
-0.07,0.00,-0.93
-0.11,0.01,-0.98
-0.13,0.06,-1.04
-0.10,0.01,-0.99
-0.06,-0.00,-0.98
0.03,-0.01,-0.96
0.11,-0.01,-0.99
0.12,-0.01,-1.00
0.11,0.00,-1.00
0.15,0.01,-0.98
0.26,0.00,-0.99
0.36,-0.04,-0.98
0.36,-0.05,-0.95
0.26,-0.03,-0.92
0.20,-0.03,-0.91
0.19,-0.03,-0.92
0.22,-0.02,-0.94
0.24,-0.01,-0.96
0.25,-0.01,-0.98
0.24,-0.00,-0.99
0.23,0.00,-0.99
0.25,0.00,-0.95
0.29,-0.01,-0.92
0.29,0.00,-0.94
0.27,0.01,-0.95
0.25,0.01,-0.95
0.23,0.03,-0.98
0.21,0.03,-1.01
0.20,0.04,-1.02
0.25,0.03,-0.99
0.32,-0.00,-0.93
0.32,-0.02,-0.94
0.25,-0.01,-1.02
0.18,-0.01,-1.06
0.16,-0.01,-1.00
0.15,-0.02,-0.92
0.12,-0.01,-0.91
0.10,-0.01,-0.94
0.10,-0.01,-0.98
0.13,-0.01,-0.98
0.18,-0.02,-0.91
0.19,-0.02,-0.88
0.17,-0.02,-0.90
0.15,-0.02,-0.95
0.12,-0.02,-0.95
0.10,-0.00,-0.93
0.10,0.00,-0.92
0.11,0.00,-0.89
0.13,0.01,-0.91
0.18,-0.00,-0.94
0.23,-0.01,-0.94
0.26,-0.01,-0.92
0.23,-0.01,-0.90
0.19,0.00,-0.91
0.20,0.01,-0.94
0.23,0.02,-0.95
0.26,0.03,-0.95
0.28,0.05,-1.00
0.33,0.07,-1.06
0.38,0.09,-1.06
0.46,0.11,-1.01
0.58,0.13,-0.97
0.68,0.15,-0.99
0.73,0.18,-1.07
0.78,0.20,-1.13
0.83,0.23,-1.16
0.90,0.25,-1.16
1.00,0.29,-1.14
1.11,0.30,-1.08
1.21,0.33,-1.04
1.29,0.35,-1.03
1.30,0.40,-1.06
1.28,0.43,-1.04
1.27,0.46,-1.00
1.26,0.48,-0.95
1.25,0.51,-0.89
1.20,0.54,-0.82
1.11,0.57,-0.76
1.04,0.62,-0.73
1.04,0.69,-0.75
1.09,0.76,-0.76
1.10,0.81,-0.77
1.00,0.91,-0.88
0.84,1.00,-0.95
0.69,1.06,-0.93
0.60,1.12,-0.86
0.49,1.12,-0.79
0.23,1.13,-0.79
-0.04,1.16,-0.79
-0.16,1.13,-0.71
-0.19,1.07,-0.57
-0.27,1.04,-0.34
-0.50,0.98,-0.21
-0.81,0.98,-0.33
-1.13,0.99,-0.55
-1.40,0.95,-0.77
-1.55,0.85,-0.88
-1.53,0.63,-0.90
-1.58,0.78,-0.99
-1.65,0.65,-0.92
-1.74,0.54,-1.04
-1.82,0.35,-0.99
-1.98,0.40,-0.97
-1.92,0.32,-0.86
-1.71,0.24,-0.76
-1.49,0.14,-0.78
-1.39,0.09,-0.76
-1.31,0.07,-0.78
-1.18,0.01,-0.72
-1.10,-0.03,-0.66
-1.04,-0.05,-0.60
-0.96,-0.08,-0.57
-0.84,-0.09,-0.59
-0.70,-0.11,-0.67
-0.59,-0.12,-0.77
-0.49,-0.10,-0.84
-0.39,-0.10,-0.86
-0.30,-0.11,-0.86
-0.25,-0.10,-0.89
-0.22,-0.09,-0.90
-0.21,-0.09,-0.89
-0.27,-0.09,-0.88
-0.35,-0.08,-0.86
-0.43,-0.09,-0.80
-0.49,-0.09,-0.81
-0.48,-0.08,-0.89
-0.43,-0.07,-0.97
-0.37,-0.08,-1.00
-0.41,-0.07,-0.99
-0.49,-0.06,-0.96
-0.53,-0.06,-0.91
-0.55,-0.07,-0.91
-0.53,-0.06,-0.95
-0.45,-0.05,-0.96
-0.36,-0.06,-0.95
-0.35,-0.07,-0.94
-0.38,-0.06,-0.94
-0.41,-0.08,-0.91
-0.40,-0.09,-0.89
-0.39,-0.10,-0.89
-0.38,-0.10,-0.85
-0.39,-0.12,-0.77
-0.43,-0.11,-0.75
-0.47,-0.10,-0.80
-0.44,-0.10,-0.83
-0.36,-0.11,-0.82
-0.32,-0.13,-0.81
-0.36,-0.11,-0.85
-0.41,-0.09,-0.89
-0.41,-0.08,-0.91
-0.38,-0.09,-0.89
-0.40,-0.10,-0.86
-0.44,-0.09,-0.87
-0.45,-0.09,-0.86
-0.43,-0.09,-0.86
-0.41,-0.09,-0.88
-0.40,-0.08,-0.92
-0.38,-0.07,-0.94
-0.35,-0.06,-0.96
-0.35,-0.07,-0.93
-0.38,-0.07,-0.88
-0.42,-0.06,-0.86
-0.44,-0.06,-0.87
-0.44,-0.06,-0.91
-0.41,-0.06,-0.97
-0.39,-0.07,-0.99
-0.39,-0.07,-0.96
-0.40,-0.05,-0.97
-0.38,-0.05,-0.99
-0.35,-0.06,-0.97
-0.38,-0.07,-0.90
-0.42,-0.07,-0.86
-0.43,-0.08,-0.85
-0.43,-0.08,-0.88
-0.44,-0.08,-0.89
-0.48,-0.08,-0.89
-0.48,-0.08,-0.87
-0.45,-0.08,-0.84
-0.45,-0.09,-0.85
-0.50,-0.08,-0.87
-0.53,-0.08,-0.88
-0.54,-0.07,-0.89
-0.54,-0.06,-0.88
-0.51,-0.06,-0.88
-0.49,-0.06,-0.88
-0.49,-0.06,-0.88
-0.52,-0.05,-0.89
-0.57,-0.03,-0.94
-0.60,-0.04,-0.97
-0.61,-0.03,-0.98
-0.60,-0.04,-0.92
-0.64,-0.04,-0.90
-0.69,-0.03,-0.92
-0.74,-0.03,-0.92
-0.81,-0.02,-0.86
-0.89,-0.01,-0.81
-0.99,0.02,-0.80
-1.09,0.04,-0.82
-1.18,0.07,-0.86
-1.25,0.09,-0.84
-1.29,0.10,-0.76
-1.37,0.12,-0.69
-1.51,0.16,-0.64
-1.69,0.23,-0.63
-1.86,0.31,-0.61
-1.97,0.43,-0.57
-2.02,0.56,-0.44
-2.09,0.67,-0.30
-2.14,0.83,-0.19
-2.11,0.96,-0.12
-1.95,1.12,-0.18
-1.74,1.30,-0.22
-1.56,1.49,-0.08
-1.49,1.70,0.12
-1.09,1.91,0.13
-0.32,1.96,0.03
0.41,1.91,-0.23
0.85,1.73,-0.39
0.97,1.64,-0.45
0.91,1.72,-0.52
0.93,1.83,-0.74
1.20,1.87,-1.07
1.50,2.21,-1.32
1.84,1.82,-1.58
2.16,1.81,-2.04
2.57,1.50,-2.35
2.67,1.22,-2.51
2.29,0.97,-2.27
1.53,0.87,-1.71
0.91,0.81,-1.37
0.65,0.72,-1.29
0.65,0.58,-1.31
0.59,0.51,-1.27
0.48,0.43,-1.10
0.34,0.37,-0.90
0.17,0.33,-0.69
0.09,0.31,-0.69
0.08,0.28,-0.82
0.03,0.25,-1.02
-0.04,0.24,-1.14
-0.05,0.18,-1.08
-0.07,0.15,-1.06
-0.08,0.14,-1.05
-0.09,0.14,-1.07
-0.16,0.15,-1.06
-0.24,0.18,-1.08
-0.25,0.20,-1.07
-0.17,0.15,-1.01
-0.06,0.12,-1.03
0.00,0.08,-1.01
-0.03,0.08,-1.00
-0.09,0.07,-0.95
-0.12,0.05,-0.90
-0.12,0.05,-0.85
-0.12,0.03,-0.80
-0.15,0.04,-0.81
-0.14,0.04,-0.86
-0.11,0.04,-0.90
-0.07,0.05,-0.90
-0.01,0.05,-0.90
0.02,0.06,-0.96
-0.04,0.06,-0.98
-0.14,0.08,-1.01
-0.16,0.08,-1.00
-0.12,0.07,-1.00
-0.06,0.06,-0.99
-0.04,0.06,-0.98
-0.10,0.07,-0.96
-0.16,0.08,-0.94
-0.19,0.10,-0.95
-0.16,0.10,-0.99
-0.12,0.09,-1.01
-0.12,0.09,-1.00
-0.15,0.09,-0.98
-0.14,0.09,-0.99
-0.12,0.08,-0.95
-0.12,0.08,-0.91
-0.09,0.10,-0.91
-0.03,0.10,-0.92
-0.06,0.11,-0.93
-0.12,0.12,-0.94
-0.15,0.12,-0.95
-0.09,0.11,-0.94
-0.03,0.11,-0.94
-0.02,0.10,-0.95
-0.05,0.11,-0.97
-0.08,0.12,-0.97
-0.06,0.13,-0.96
0.01,0.12,-0.90
0.04,0.14,-0.87
0.06,0.17,-0.95
0.10,0.20,-1.08
0.14,0.25,-1.17
0.21,0.31,-1.20
0.32,0.39,-1.24
0.49,0.46,-1.31
0.68,0.53,-1.41
0.81,0.57,-1.48
0.84,0.62,-1.50
0.78,0.68,-1.51
0.77,0.75,-1.53
0.85,0.79,-1.56
0.96,0.82,-1.54
1.09,0.88,-1.49
1.20,0.93,-1.47
1.27,0.98,-1.46
1.26,1.01,-1.35
1.20,1.06,-1.18
1.13,1.12,-1.04
1.14,1.15,-0.97
1.22,1.17,-0.93
1.20,1.19,-0.83
1.03,1.31,-0.65
0.83,1.40,-0.43
0.60,1.44,-0.19
0.26,1.43,-0.14
-0.18,1.53,-0.32
-0.50,1.46,-0.40
-0.74,1.40,-0.40
-0.99,1.36,-0.36
-1.22,1.33,-0.31
-1.40,1.21,-0.22
-1.55,1.07,-0.14
-1.69,1.00,-0.32
-1.73,0.87,-0.68
-1.76,0.91,-0.97
-1.80,0.57,-0.99
-1.94,0.50,-0.79
-2.07,0.57,-0.92
-2.02,0.41,-0.79
-1.96,0.41,-0.80
-1.87,0.33,-0.80
-1.77,0.26,-0.86
-1.65,0.23,-0.99
-1.51,0.13,-0.95
-1.33,0.10,-0.85
-1.09,0.03,-0.72
-0.92,-0.01,-0.68
-0.80,-0.02,-0.75
-0.68,-0.04,-0.82
-0.60,-0.06,-0.85
-0.56,-0.07,-0.79
-0.54,-0.09,-0.71
-0.51,-0.11,-0.67
-0.50,-0.14,-0.67
-0.46,-0.13,-0.72
-0.34,-0.14,-0.76
-0.24,-0.15,-0.81
-0.24,-0.14,-0.84
-0.31,-0.12,-0.85
-0.37,-0.11,-0.87
-0.40,-0.11,-0.89
-0.39,-0.11,-0.89
-0.37,-0.11,-0.89
-0.39,-0.10,-0.87
-0.39,-0.10,-0.85
-0.39,-0.09,-0.89
-0.40,-0.08,-0.93
-0.41,-0.08,-0.95
-0.43,-0.07,-0.96
-0.40,-0.08,-0.94
-0.37,-0.09,-0.94
-0.36,-0.08,-0.96
-0.36,-0.08,-0.97
-0.36,-0.09,-0.94
-0.38,-0.09,-0.90
-0.38,-0.09,-0.88
-0.38,-0.10,-0.92
-0.38,-0.10,-0.92
-0.37,-0.11,-0.88
-0.39,-0.12,-0.84
-0.39,-0.11,-0.86
-0.36,-0.12,-0.89
-0.35,-0.12,-0.88
-0.39,-0.12,-0.86
-0.44,-0.11,-0.84
-0.43,-0.11,-0.84
-0.38,-0.11,-0.86
-0.36,-0.12,-0.88
-0.36,-0.11,-0.88
-0.36,-0.11,-0.91
-0.36,-0.11,-0.90
-0.40,-0.11,-0.87
-0.44,-0.10,-0.84
-0.45,-0.10,-0.84
-0.46,-0.10,-0.87
-0.46,-0.10,-0.87
-0.43,-0.08,-0.87
-0.36,-0.09,-0.90
-0.33,-0.09,-0.93
-0.35,-0.09,-0.92
-0.41,-0.09,-0.87
-0.47,-0.08,-0.85
-0.47,-0.08,-0.86
-0.46,-0.09,-0.86
-0.44,-0.08,-0.85
-0.44,-0.08,-0.87
-0.45,-0.07,-0.90
-0.44,-0.06,-0.94
-0.40,-0.06,-0.97
-0.37,-0.07,-0.95
-0.39,-0.07,-0.92
-0.42,-0.07,-0.91
-0.41,-0.06,-0.92
-0.36,-0.07,-0.92
-0.36,-0.06,-0.93
-0.37,-0.06,-0.96
-0.37,-0.07,-0.97
-0.39,-0.07,-0.93
-0.40,-0.07,-0.88
-0.40,-0.08,-0.88
-0.38,-0.08,-0.93
-0.39,-0.08,-0.96
-0.42,-0.07,-0.92
-0.45,-0.06,-0.87
-0.48,-0.05,-0.88
-0.56,-0.03,-0.92
-0.66,-0.01,-0.96
-0.75,-0.00,-0.97
-0.83,0.01,-0.96
-0.91,0.02,-0.96
-1.00,0.02,-0.93
-1.14,0.05,-0.92
-1.31,0.09,-0.90
-1.46,0.12,-0.84
-1.60,0.16,-0.76
-1.75,0.20,-0.73
-1.89,0.25,-0.73
-1.99,0.33,-0.71
-2.04,0.42,-0.70
-2.02,0.48,-0.66
-1.95,0.56,-0.57
-1.83,0.66,-0.36
-1.70,0.71,-0.11
-1.69,0.81,0.08
-1.81,0.98,0.10
-1.82,1.25,-0.02
-1.45,1.45,-0.01
-0.73,1.47,0.06
-0.05,1.40,-0.12
0.40,1.34,-0.48
0.61,1.29,-0.80
0.83,1.29,-0.84
1.12,1.26,-0.92
1.32,1.12,-1.15
1.29,1.03,-1.41
1.09,1.10,-1.47
0.97,0.82,-1.27
0.97,0.99,-1.44
1.17,0.90,-1.64
1.20,0.81,-1.92
1.07,0.69,-2.00
0.87,0.62,-1.81
0.74,0.52,-1.42
0.60,0.45,-1.14
0.43,0.40,-1.06
0.27,0.39,-1.16
0.18,0.37,-1.30
0.16,0.34,-1.39
0.16,0.31,-1.38
0.13,0.29,-1.26
0.09,0.24,-1.09
0.04,0.20,-1.04
-0.01,0.17,-1.02
-0.05,0.15,-1.00
-0.07,0.15,-1.02
-0.05,0.13,-1.03
-0.04,0.11,-1.05
-0.10,0.09,-1.10
-0.17,0.08,-1.12
-0.19,0.05,-1.08
-0.19,0.04,-1.00
-0.16,0.02,-0.93
-0.14,0.01,-0.92
-0.12,0.02,-0.98
-0.11,0.02,-1.06
-0.14,0.02,-1.06
-0.19,0.02,-0.99
-0.22,0.02,-0.93
-0.21,0.01,-0.92
-0.18,0.01,-0.93
-0.16,0.00,-0.93
-0.17,-0.00,-0.92
-0.19,0.00,-0.92
-0.17,0.01,-0.93
-0.11,0.00,-0.95
-0.08,-0.01,-0.96
-0.10,-0.00,-0.98
-0.13,0.00,-0.98
-0.14,-0.00,-0.97
-0.15,0.01,-0.97
-0.14,0.01,-0.97
-0.14,0.00,-0.96
-0.14,0.01,-0.96
-0.12,0.01,-0.96
-0.12,0.01,-0.95
-0.15,0.02,-0.94
-0.17,0.02,-0.96
-0.16,0.02,-0.97
-0.14,0.01,-0.98
-0.13,0.02,-1.00
-0.14,0.02,-1.01
-0.16,0.03,-0.98
-0.19,0.03,-0.92
-0.19,0.03,-0.89
-0.17,0.03,-0.93
-0.14,0.03,-0.96
-0.16,0.03,-0.91
-0.20,0.03,-0.84
-0.21,0.04,-0.89
-0.15,0.04,-1.01
-0.11,0.03,-1.10
-0.11,0.05,-1.11
-0.10,0.04,-1.06
-0.09,0.04,-1.01
-0.10,0.03,-0.98
-0.14,0.04,-0.99
-0.16,0.04,-0.97
-0.14,0.04,-0.94
-0.10,0.04,-0.91
-0.09,0.05,-0.94
-0.07,0.06,-1.02
-0.05,0.06,-1.05
-0.04,0.07,-1.02
-0.03,0.07,-0.96
-0.02,0.08,-0.96
0.00,0.11,-1.05
0.07,0.14,-1.11
0.14,0.18,-1.13
0.21,0.22,-1.14
0.30,0.27,-1.18
0.39,0.29,-1.22
0.41,0.34,-1.31
0.44,0.39,-1.39
0.54,0.42,-1.41
0.70,0.45,-1.39
0.83,0.47,-1.37
0.91,0.52,-1.39
0.98,0.57,-1.42
1.06,0.64,-1.45
1.20,0.68,-1.49
1.30,0.77,-1.52
1.32,0.86,-1.43
1.26,0.92,-1.06
1.02,0.99,-0.75
0.73,1.09,-0.77
0.61,1.14,-1.04
0.59,1.14,-1.20
0.42,1.16,-1.22
0.14,1.18,-1.16
-0.07,1.17,-1.10
-0.15,1.12,-0.95
-0.14,1.03,-0.51
-0.28,0.95,-0.00
-0.55,0.84,0.14
-0.76,0.85,-0.35
-0.75,0.73,-0.95
-0.73,0.54,-1.22
-0.93,0.74,-1.28
-1.11,0.64,-0.72
-1.30,0.54,-0.41
-1.44,0.46,-0.44
-1.45,0.40,-0.67
-1.48,0.33,-0.80
-1.56,0.28,-0.93
-1.66,0.23,-1.01
-1.73,0.23,-1.07
-1.70,0.17,-1.03
-1.51,0.12,-1.00
-1.29,0.05,-0.97
-1.19,0.01,-0.96
-1.14,-0.02,-0.93
-1.06,-0.05,-0.87
-0.91,-0.09,-0.82
-0.76,-0.12,-0.82
-0.62,-0.14,-0.82
-0.52,-0.17,-0.79
-0.47,-0.20,-0.73
-0.46,-0.22,-0.69
-0.45,-0.22,-0.71
-0.34,-0.21,-0.79
-0.17,-0.23,-0.86
-0.03,-0.24,-0.91
0.01,-0.24,-0.89
-0.02,-0.24,-0.86
-0.07,-0.23,-0.87
-0.11,-0.21,-0.91
-0.15,-0.20,-0.94
-0.22,-0.18,-0.92
-0.29,-0.18,-0.87
-0.34,-0.16,-0.88
-0.33,-0.15,-0.98
-0.25,-0.14,-1.08
-0.21,-0.15,-1.10
-0.23,-0.14,-1.07
-0.29,-0.14,-1.06
-0.32,-0.13,-1.07
-0.27,-0.13,-1.06
-0.22,-0.15,-1.03
-0.24,-0.15,-1.03
-0.28,-0.15,-1.02
-0.29,-0.16,-0.98
-0.30,-0.17,-0.89
-0.32,-0.19,-0.84
-0.34,-0.19,-0.86
-0.30,-0.19,-0.88
-0.20,-0.21,-0.88
-0.13,-0.21,-0.86
-0.13,-0.21,-0.85
-0.12,-0.21,-0.90
-0.12,-0.21,-0.94
-0.14,-0.20,-0.92
-0.18,-0.20,-0.87
-0.20,-0.20,-0.87
-0.21,-0.19,-0.90
-0.21,-0.19,-0.91
-0.22,-0.19,-0.89
-0.24,-0.19,-0.86
-0.27,-0.17,-0.87
-0.28,-0.17,-0.92
-0.27,-0.16,-0.95
-0.28,-0.15,-1.00
-0.27,-0.14,-1.03
-0.25,-0.15,-1.01
-0.28,-0.14,-0.99
-0.33,-0.12,-0.98
-0.36,-0.12,-0.98
-0.39,-0.11,-1.00
-0.41,-0.11,-1.01
-0.42,-0.11,-1.00
-0.42,-0.12,-0.99
-0.43,-0.11,-0.98
-0.47,-0.10,-1.01
-0.51,-0.10,-1.04
-0.55,-0.09,-1.04
-0.61,-0.09,-0.97
-0.70,-0.09,-0.93
-0.78,-0.06,-0.94
-0.83,-0.04,-0.98
-0.88,-0.02,-1.03
-0.93,0.00,-1.02
-0.98,0.03,-1.02
-1.03,0.06,-1.06
-1.08,0.07,-1.07
-1.09,0.11,-1.04
-1.09,0.13,-0.98
-1.14,0.17,-0.95
-1.19,0.21,-0.96
-1.16,0.23,-0.95
-1.14,0.25,-0.92
-1.25,0.31,-0.90
-1.42,0.37,-0.90
-1.54,0.49,-0.90
-1.48,0.57,-0.79
-1.28,0.62,-0.56
-1.04,0.66,-0.36
-0.78,0.68,-0.18
-0.57,0.68,-0.14
-0.51,0.68,-0.24
-0.54,0.74,-0.39
-0.41,0.82,-0.39
-0.05,0.87,-0.31
0.35,0.90,-0.33
0.71,0.89,-0.52
1.00,0.86,-0.83
1.19,0.83,-1.14
1.30,0.90,-1.30
1.51,0.62,-1.30
1.63,0.78,-1.48
1.79,0.69,-1.75
1.80,0.62,-1.96
1.63,0.53,-1.97
1.37,0.45,-1.78
1.13,0.36,-1.50
0.97,0.29,-1.25
0.88,0.21,-1.06
0.79,0.16,-0.97
0.64,0.15,-1.03
0.52,0.15,-1.19
0.44,0.12,-1.21
0.34,0.10,-1.11
0.25,0.06,-0.98
0.19,0.03,-0.92
0.11,0.00,-0.92
0.01,0.01,-0.96
-0.02,0.01,-1.01
0.04,-0.00,-1.10
0.12,-0.04,-1.13
0.14,-0.04,-1.09
0.10,-0.04,-1.04
0.05,-0.05,-1.06
0.01,-0.05,-1.08
-0.00,-0.05,-1.03
0.01,-0.05,-1.01
0.02,-0.05,-1.02
0.01,-0.04,-1.03
-0.01,-0.05,-1.00
-0.02,-0.06,-0.95
0.00,-0.07,-0.94
0.03,-0.07,-0.97
0.07,-0.08,-0.98
0.06,-0.08,-0.94
-0.01,-0.07,-0.89
-0.06,-0.06,-0.90
-0.04,-0.05,-0.96
0.03,-0.06,-1.00
0.07,-0.05,-1.01
0.06,-0.05,-0.99
0.05,-0.05,-0.98
0.04,-0.05,-0.98
0.06,-0.05,-1.01
0.08,-0.06,-0.99
0.06,-0.05,-0.98
0.05,-0.04,-1.00
0.02,-0.03,-1.04
0.02,-0.02,-1.05
0.05,-0.02,-1.04
0.04,-0.02,-1.03
0.03,-0.02,-1.02
0.04,-0.03,-1.01
0.05,-0.05,-0.95
0.02,-0.05,-0.90
-0.00,-0.05,-0.91
0.03,-0.06,-0.97
0.04,-0.06,-0.97
-0.01,-0.05,-0.94
-0.03,-0.05,-0.94
-0.02,-0.06,-0.94
-0.03,-0.06,-0.93
0.00,-0.06,-0.94
0.04,-0.07,-0.94
-0.00,-0.06,-0.94
-0.06,-0.05,-0.92
-0.07,-0.05,-0.93
-0.04,-0.04,-0.97
-0.01,-0.04,-0.98
-0.01,-0.02,-0.98
0.01,-0.04,-0.96
0.02,-0.02,-1.00
0.08,-0.01,-0.99
0.15,-0.02,-0.99
0.17,-0.01,-1.05
0.16,0.01,-1.09
0.16,0.02,-1.07
0.16,0.03,-1.03
0.18,0.03,-1.03
0.22,0.04,-1.06
0.26,0.05,-1.07
0.30,0.05,-1.07
0.32,0.06,-1.09
0.34,0.08,-1.14
0.38,0.10,-1.16
0.44,0.13,-1.19
0.54,0.16,-1.23
0.63,0.18,-1.27
0.70,0.19,-1.28
0.73,0.19,-1.27
0.75,0.21,-1.24
0.77,0.21,-1.18
0.79,0.23,-1.13
0.81,0.25,-1.09
0.84,0.26,-1.05
0.88,0.29,-1.07
0.90,0.34,-1.13
0.92,0.37,-1.06
0.90,0.41,-0.97
0.86,0.45,-0.96
0.79,0.49,-1.03
0.64,0.54,-1.11
0.46,0.57,-1.11
0.32,0.60,-1.06
0.26,0.60,-0.92
0.21,0.59,-0.82
0.16,0.59,-0.78
0.13,0.60,-0.83
0.11,0.59,-0.93
0.01,0.60,-1.02
-0.14,0.60,-0.99
-0.28,0.59,-0.92
-0.39,0.57,-0.87
-0.45,0.55,-0.93
-0.55,0.49,-0.99
-0.71,0.46,-0.95
-0.81,0.42,-0.90
-0.81,0.35,-0.83
-0.80,0.27,-0.81
-0.83,0.23,-0.77
-0.96,0.24,-0.84
-1.01,0.25,-0.94
-1.03,0.16,-0.82
-1.11,0.13,-0.84
-1.16,0.07,-0.84
-1.18,0.01,-0.87
-1.12,-0.04,-0.92
-1.03,-0.06,-0.88
-0.95,-0.08,-0.85
-0.92,-0.10,-0.86
-0.91,-0.11,-0.86
-0.88,-0.14,-0.83
-0.81,-0.17,-0.76
-0.74,-0.19,-0.75
-0.67,-0.21,-0.75
-0.60,-0.22,-0.73
-0.55,-0.23,-0.74
-0.52,-0.23,-0.77
-0.51,-0.22,-0.83
-0.45,-0.23,-0.85
-0.36,-0.24,-0.86
-0.29,-0.23,-0.87
-0.26,-0.23,-0.87
-0.25,-0.23,-0.89
-0.26,-0.23,-0.89
-0.25,-0.22,-0.87
-0.24,-0.21,-0.89
-0.24,-0.20,-0.97
-0.24,-0.18,-1.00
-0.22,-0.18,-0.96
-0.23,-0.17,-1.00
-0.24,-0.17,-1.04
-0.24,-0.18,-1.03
-0.24,-0.18,-0.98
-0.27,-0.19,-0.95
-0.26,-0.19,-0.95
-0.26,-0.19,-1.01
-0.25,-0.20,-1.01
-0.24,-0.21,-0.93
-0.25,-0.21,-0.87
-0.27,-0.21,-0.86
-0.27,-0.21,-0.86
-0.23,-0.22,-0.86
-0.22,-0.21,-0.88
-0.25,-0.21,-0.93
-0.27,-0.20,-0.93
-0.26,-0.21,-0.90
-0.24,-0.21,-0.90
-0.23,-0.20,-0.97
-0.23,-0.20,-0.99
-0.24,-0.19,-0.96
-0.24,-0.19,-0.93
-0.24,-0.19,-0.93
-0.22,-0.19,-0.94
-0.17,-0.19,-0.94
-0.14,-0.19,-0.97
-0.16,-0.19,-0.99
-0.23,-0.19,-0.97
-0.29,-0.19,-0.93
-0.29,-0.18,-0.90
-0.27,-0.18,-0.91
-0.25,-0.19,-0.91
-0.26,-0.19,-0.91
-0.27,-0.18,-0.93
-0.24,-0.17,-0.95
-0.22,-0.18,-0.97
-0.22,-0.18,-0.99
-0.25,-0.17,-0.99
-0.27,-0.18,-0.95
-0.27,-0.17,-0.93
-0.26,-0.18,-0.90
-0.26,-0.18,-0.88
-0.25,-0.18,-0.87
-0.27,-0.18,-0.89
-0.30,-0.17,-0.92
-0.33,-0.17,-0.92
-0.34,-0.17,-0.91
-0.36,-0.17,-0.92
-0.39,-0.17,-0.94
-0.42,-0.16,-0.96
-0.44,-0.16,-0.92
-0.49,-0.15,-0.87
-0.56,-0.15,-0.85
-0.63,-0.13,-0.86
-0.67,-0.12,-0.89
-0.68,-0.12,-0.90
-0.68,-0.11,-0.91
-0.71,-0.10,-0.94
-0.76,-0.09,-0.97
-0.79,-0.07,-0.98
-0.79,-0.04,-0.94
-0.78,-0.03,-0.88
-0.80,-0.00,-0.90
-0.85,0.03,-0.99
-0.90,0.05,-1.06
-0.92,0.08,-1.04
-0.88,0.10,-0.99
-0.83,0.13,-0.94
-0.83,0.16,-0.92
-0.94,0.19,-0.94
-1.08,0.27,-0.98
-1.15,0.34,-0.92
-1.10,0.40,-0.81
-0.98,0.48,-0.74
-0.86,0.51,-0.72
-0.81,0.55,-0.77
-0.79,0.59,-0.74
-0.67,0.63,-0.65
-0.51,0.61,-0.56
-0.46,0.57,-0.55
-0.46,0.58,-0.63
-0.31,0.61,-0.69
0.08,0.64,-0.73
0.54,0.57,-0.72
0.80,0.47,-0.74
0.81,0.51,-0.80
0.69,0.77,-0.85
0.64,0.68,-0.81
0.85,0.74,-1.06
1.30,0.65,-1.34
1.67,0.64,-1.74
1.91,0.56,-2.01
1.90,0.46,-2.01
1.69,0.34,-1.70
1.38,0.23,-1.33
1.10,0.17,-1.12
0.96,0.13,-1.08
0.94,0.09,-1.12
0.90,0.06,-1.07
0.71,0.03,-0.92
0.48,0.05,-0.86
0.33,0.05,-0.86
0.28,0.04,-0.88
0.28,0.02,-0.87
0.23,0.01,-0.85
0.16,-0.00,-0.85
0.11,-0.01,-0.92
0.11,-0.02,-1.04
0.11,-0.04,-1.09
0.07,-0.06,-1.09
0.01,-0.05,-1.10
-0.02,-0.07,-1.12
-0.03,-0.05,-1.13
-0.02,-0.04,-1.15
-0.01,-0.04,-1.13
-0.02,-0.05,-1.10
-0.06,-0.05,-1.08
-0.09,-0.05,-1.09
-0.09,-0.06,-1.08
-0.07,-0.07,-1.01
-0.08,-0.08,-0.94
-0.05,-0.09,-0.91
0.02,-0.10,-0.91
0.08,-0.11,-0.89
0.07,-0.11,-0.84
0.03,-0.10,-0.83
0.01,-0.10,-0.87
0.05,-0.09,-0.93
0.08,-0.09,-0.95
0.08,-0.09,-0.96
0.07,-0.08,-0.97
0.08,-0.07,-0.96
0.10,-0.06,-0.97
0.13,-0.07,-1.00
0.15,-0.07,-1.05
0.14,-0.07,-1.05
0.09,-0.07,-1.02
0.05,-0.07,-0.99
0.04,-0.07,-0.96
0.04,-0.06,-0.95
0.07,-0.08,-0.93
0.09,-0.08,-0.90
0.06,-0.08,-0.96
0.03,-0.06,-1.02
0.02,-0.07,-0.99
0.01,-0.06,-0.97
0.01,-0.07,-0.97
0.02,-0.08,-0.99
0.02,-0.07,-1.00
-0.01,-0.08,-0.97
-0.03,-0.07,-0.94
0.01,-0.06,-0.94
0.06,-0.08,-0.90
0.10,-0.07,-0.92
0.13,-0.07,-0.95
0.15,-0.07,-0.94
0.15,-0.05,-0.97
0.18,-0.06,-0.98
0.21,-0.05,-1.03
0.26,-0.04,-1.05
0.27,-0.04,-1.01
0.24,-0.03,-0.97
0.23,-0.00,-1.00
0.28,0.00,-1.04
0.35,0.02,-1.10
0.42,0.05,-1.14
0.50,0.06,-1.14
0.58,0.08,-1.15
0.66,0.10,-1.16
0.72,0.12,-1.19
0.78,0.16,-1.28
0.89,0.19,-1.35
1.04,0.22,-1.40
1.16,0.24,-1.39
1.23,0.28,-1.37
1.24,0.31,-1.32
1.22,0.37,-1.28
1.14,0.39,-1.19
1.02,0.44,-1.11
0.94,0.48,-1.06
0.91,0.49,-1.05
0.88,0.53,-1.01
0.87,0.57,-0.93
0.85,0.60,-0.86
0.66,0.64,-0.87
0.41,0.68,-0.84
0.28,0.66,-0.70
0.24,0.62,-0.56
0.12,0.59,-0.50
-0.04,0.60,-0.55
-0.11,0.59,-0.62
-0.12,0.58,-0.70
-0.17,0.57,-0.68
-0.30,0.55,-0.66
-0.49,0.54,-0.70
-0.69,0.51,-0.76
-0.76,0.49,-0.71
-0.75,0.46,-0.66
-0.81,0.61,-0.81
-0.91,0.41,-0.91
-1.09,0.46,-1.02
-1.21,0.46,-1.14
-1.25,0.30,-1.18
-1.32,0.31,-1.05
-1.37,0.25,-0.97
-1.38,0.23,-1.04
-1.31,0.21,-1.07
-1.22,0.13,-1.03
-1.19,0.12,-1.02
-1.12,0.07,-1.00
-1.02,0.02,-0.95
-0.89,-0.02,-0.96
-0.74,-0.05,-0.96
-0.62,-0.08,-0.93
-0.56,-0.11,-0.87
-0.57,-0.11,-0.82
-0.54,-0.12,-0.81
-0.45,-0.14,-0.82
-0.36,-0.16,-0.86
-0.32,-0.16,-0.89
-0.32,-0.15,-0.92
-0.28,-0.16,-0.88
-0.22,-0.16,-0.87
-0.17,-0.15,-0.91
-0.10,-0.15,-0.95
-0.06,-0.15,-0.94
-0.10,-0.15,-0.96
-0.19,-0.13,-1.02
-0.22,-0.13,-0.99
-0.20,-0.13,-0.94
-0.18,-0.13,-0.96
-0.20,-0.13,-1.01
-0.22,-0.12,-1.04
-0.23,-0.12,-1.04
-0.21,-0.12,-1.04
-0.19,-0.13,-1.02
-0.17,-0.13,-1.00
-0.17,-0.14,-0.97
-0.20,-0.14,-0.96
-0.20,-0.15,-0.93
-0.20,-0.15,-0.90
-0.23,-0.16,-0.89
-0.26,-0.16,-0.91
-0.28,-0.16,-0.92
-0.27,-0.16,-0.92
-0.22,-0.16,-0.91
-0.16,-0.17,-0.91
-0.15,-0.17,-0.93
-0.18,-0.17,-0.93
-0.22,-0.16,-0.90
-0.23,-0.16,-0.89
-0.22,-0.16,-0.90
-0.22,-0.17,-0.89
-0.26,-0.15,-0.90
-0.26,-0.15,-0.91
-0.23,-0.15,-0.93
-0.19,-0.15,-0.94
-0.19,-0.14,-0.95
-0.24,-0.14,-0.97
-0.29,-0.13,-0.97
-0.31,-0.12,-0.98
-0.29,-0.12,-0.97
-0.27,-0.12,-0.95
-0.26,-0.12,-0.94
-0.26,-0.12,-0.97
-0.25,-0.12,-1.01
-0.24,-0.12,-1.01
-0.23,-0.13,-0.98
-0.24,-0.13,-0.97
-0.26,-0.13,-0.97
-0.27,-0.13,-0.96
-0.29,-0.13,-0.91
-0.31,-0.14,-0.90
-0.31,-0.13,-0.95
-0.32,-0.13,-0.97
-0.33,-0.13,-0.95
-0.32,-0.12,-0.94
-0.31,-0.12,-0.96
-0.34,-0.13,-0.97
-0.40,-0.12,-0.95
-0.47,-0.11,-0.92
-0.52,-0.10,-0.93
-0.57,-0.09,-0.95
-0.61,-0.08,-0.97
-0.68,-0.06,-0.98
-0.76,-0.04,-1.01
-0.85,-0.02,-1.05
-0.95,0.01,-1.11
-1.06,0.05,-1.18
-1.06,0.08,-1.23
-0.94,0.08,-1.15
-0.77,0.07,-0.97
-0.65,0.07,-0.84
-0.67,0.07,-0.86
-0.76,0.10,-0.97
-0.81,0.13,-1.00
-0.83,0.15,-0.95
-0.87,0.17,-0.93
-0.97,0.19,-0.93
-1.06,0.25,-0.94
-1.06,0.32,-0.88
-0.98,0.35,-0.83
-0.94,0.38,-0.80
-0.97,0.44,-0.78
-0.94,0.50,-0.72
-0.81,0.53,-0.61
-0.67,0.56,-0.53
-0.58,0.60,-0.56
-0.48,0.68,-0.65
-0.22,0.72,-0.61
0.16,0.70,-0.46
0.49,0.68,-0.41
0.81,0.65,-0.45
1.11,0.63,-0.60
1.36,0.58,-0.90
1.54,0.45,-1.26
1.54,0.58,-1.46
1.62,0.54,-1.73
1.70,0.51,-1.84
1.72,0.43,-1.72
1.62,0.35,-1.41
1.45,0.30,-1.23
1.37,0.22,-1.17
1.28,0.15,-1.14
1.12,0.10,-1.07
0.89,0.06,-0.96
0.64,0.05,-0.84
0.47,0.02,-0.71
0.36,-0.00,-0.63
0.31,-0.01,-0.69
0.27,-0.02,-0.85
0.24,-0.05,-1.00
0.20,-0.06,-1.03
0.15,-0.09,-0.97
0.13,-0.10,-0.92
0.17,-0.11,-0.95
0.24,-0.13,-1.03
0.25,-0.13,-1.12
0.18,-0.13,-1.19
0.07,-0.11,-1.18
0.02,-0.11,-1.13
0.02,-0.10,-1.11
0.03,-0.11,-1.10
0.04,-0.11,-1.04
0.06,-0.12,-0.97
0.05,-0.13,-0.94
0.06,-0.13,-0.94
0.06,-0.14,-0.93
0.07,-0.13,-0.93
0.09,-0.13,-0.93
0.10,-0.13,-0.93
0.10,-0.12,-0.95
0.11,-0.13,-0.94
0.13,-0.13,-0.90
0.11,-0.14,-0.86
0.09,-0.14,-0.89
0.08,-0.13,-0.96
0.10,-0.13,-1.00
0.13,-0.12,-0.96
0.15,-0.12,-0.95
0.18,-0.12,-0.99
0.19,-0.12,-1.02
0.15,-0.12,-1.00
0.08,-0.12,-0.95
0.06,-0.12,-0.95
0.08,-0.13,-0.98
0.11,-0.13,-0.99
0.11,-0.13,-0.95
0.12,-0.12,-0.94
0.15,-0.11,-0.95
0.19,-0.11,-0.97
0.19,-0.11,-0.98
0.17,-0.11,-0.98
0.12,-0.12,-0.94
0.09,-0.12,-0.90
0.09,-0.11,-0.91
0.14,-0.11,-0.96
0.18,-0.11,-0.99
0.18,-0.10,-1.01
0.16,-0.10,-1.02
0.15,-0.10,-0.99
0.14,-0.10,-0.95
0.13,-0.09,-0.95
0.15,-0.10,-0.97
0.14,-0.10,-0.94
0.12,-0.10,-0.92
0.11,-0.10,-0.95
0.11,-0.09,-0.99
0.14,-0.09,-1.02
0.18,-0.09,-1.04
0.23,-0.09,-1.04
0.25,-0.08,-1.00
0.25,-0.08,-0.94
0.24,-0.07,-0.92
0.28,-0.05,-0.96
0.34,-0.03,-0.99
0.42,-0.02,-0.97
0.50,0.00,-0.99
0.58,0.03,-1.07
0.65,0.06,-1.17
0.76,0.08,-1.20
0.89,0.11,-1.18
1.00,0.13,-1.17
1.07,0.16,-1.18
1.14,0.21,-1.18
1.19,0.23,-1.10
1.17,0.27,-1.05
1.11,0.31,-1.08
1.12,0.33,-1.12
1.13,0.37,-1.07
1.03,0.40,-1.04
0.84,0.47,-1.00
0.74,0.53,-0.99
0.79,0.57,-1.00
0.87,0.61,-1.01
0.88,0.67,-1.00
0.77,0.73,-0.95
0.54,0.75,-0.90
0.25,0.76,-0.88
0.09,0.74,-0.83
0.06,0.74,-0.80
0.09,0.74,-0.76
0.05,0.74,-0.75
-0.13,0.75,-0.83
-0.39,0.75,-0.92
-0.64,0.70,-0.93
-0.79,0.55,-0.71
-0.87,0.55,-0.67
-0.84,0.51,-0.51
-0.81,0.57,-0.51
-0.77,0.48,-0.72
-0.90,0.49,-0.88
-1.12,0.38,-1.04
-1.36,0.34,-1.16
-1.51,0.38,-1.11
-1.53,0.27,-0.87
-1.47,0.23,-0.84
-1.37,0.17,-0.91
-1.35,0.13,-1.06
-1.37,0.14,-1.19
-1.27,0.10,-1.16
-1.08,0.03,-1.04
-0.93,-0.01,-0.99
-0.87,-0.04,-0.97
-0.81,-0.07,-0.94
-0.72,-0.08,-0.87
-0.58,-0.13,-0.81
-0.46,-0.15,-0.75
-0.42,-0.16,-0.79
-0.41,-0.15,-0.88
-0.32,-0.15,-0.93
-0.22,-0.18,-0.88
-0.21,-0.18,-0.84
-0.19,-0.18,-0.80
-0.14,-0.19,-0.80
-0.11,-0.18,-0.88
-0.11,-0.17,-0.98
-0.12,-0.16,-1.04
-0.12,-0.16,-1.01
-0.15,-0.16,-1.00
-0.19,-0.14,-1.02
-0.17,-0.14,-1.02
-0.18,-0.14,-1.03
-0.20,-0.12,-1.06
-0.17,-0.12,-1.05
-0.15,-0.13,-1.00
-0.19,-0.13,-1.02
-0.22,-0.13,-1.06
-0.23,-0.14,-1.02
-0.22,-0.15,-0.96
-0.18,-0.16,-0.94
-0.15,-0.16,-0.96
-0.17,-0.17,-0.96
-0.22,-0.17,-0.93
-0.24,-0.17,-0.90
-0.23,-0.18,-0.89
-0.19,-0.18,-0.90
-0.15,-0.19,-0.90
-0.16,-0.20,-0.88
-0.20,-0.18,-0.88
-0.22,-0.18,-0.88
-0.24,-0.19,-0.90
-0.28,-0.18,-0.91
-0.26,-0.17,-0.91
-0.21,-0.18,-0.88
-0.16,-0.18,-0.86
-0.17,-0.17,-0.91
-0.19,-0.16,-0.97
-0.22,-0.16,-1.00
-0.25,-0.15,-0.96
-0.29,-0.15,-0.92
-0.32,-0.15,-0.92
-0.34,-0.14,-0.96
-0.35,-0.15,-0.95
-0.34,-0.14,-0.93
-0.29,-0.13,-0.93
-0.24,-0.14,-0.97
-0.24,-0.13,-1.00
-0.27,-0.13,-1.01
-0.32,-0.12,-0.98
-0.35,-0.13,-0.93
-0.36,-0.12,-0.90
-0.37,-0.12,-0.92
-0.39,-0.12,-0.94
-0.43,-0.11,-0.95
-0.48,-0.10,-0.98
-0.51,-0.10,-0.97
-0.54,-0.09,-0.95
-0.60,-0.08,-0.94
-0.66,-0.06,-0.95
-0.72,-0.05,-0.94
-0.79,-0.03,-0.92
-0.88,-0.00,-0.94
-0.97,0.03,-0.97
-1.04,0.07,-0.99
-1.09,0.09,-0.98
-1.14,0.12,-0.99
-1.23,0.18,-1.05
-1.37,0.25,-1.10
-1.51,0.33,-1.10
-1.58,0.42,-1.07
-1.58,0.47,-0.98
-1.58,0.54,-0.87
-1.57,0.61,-0.79
-1.45,0.69,-0.67
-1.27,0.75,-0.57
-1.07,0.80,-0.52
-0.88,0.84,-0.50
-0.78,0.89,-0.52
-0.70,0.93,-0.52
-0.48,0.97,-0.37
-0.17,1.04,-0.29
0.15,1.00,-0.45
0.41,0.96,-0.69
0.55,0.93,-0.80
0.65,0.94,-0.82
0.81,0.94,-0.89
1.09,0.96,-1.10
1.50,1.01,-1.32
1.79,0.81,-1.49
1.89,0.64,-1.68
1.80,0.45,-1.51
1.46,0.37,-1.26
1.12,0.33,-1.07
0.97,0.30,-1.06
0.98,0.27,-1.16
1.00,0.20,-1.15
0.89,0.20,-1.07
0.74,0.19,-1.03
0.63,0.17,-1.11
0.59,0.15,-1.23
0.59,0.12,-1.25
0.59,0.10,-1.20
0.56,0.09,-1.16
0.51,0.08,-1.13
0.42,0.08,-1.16
0.35,0.07,-1.17
0.29,0.05,-1.14
0.23,0.04,-1.12
0.18,0.02,-1.11
0.10,0.02,-1.10
0.05,0.03,-1.08
0.06,0.03,-1.05
0.10,0.03,-1.06
0.14,0.00,-1.04
0.10,0.00,-1.00
0.06,-0.00,-1.01
0.06,-0.01,-1.02
0.07,-0.02,-0.98
0.08,-0.01,-0.94
0.10,-0.00,-0.96
0.13,-0.00,-0.99
0.13,-0.01,-0.98
0.10,-0.00,-0.98
0.09,-0.01,-0.95
0.09,-0.01,-0.96
0.09,-0.01,-1.00
0.10,0.00,-1.04
0.13,-0.00,-1.02
0.13,-0.00,-1.00
0.12,-0.01,-1.00
0.09,-0.01,-1.01
0.09,-0.00,-1.02
0.10,-0.01,-1.00
0.08,-0.01,-1.00
0.05,-0.01,-0.99
0.05,-0.01,-0.98
0.06,-0.01,-0.98
0.08,-0.01,-0.95
0.08,-0.01,-0.94
0.08,-0.02,-0.99
0.09,-0.03,-1.02
0.09,-0.03,-0.99
0.06,-0.02,-0.93
0.04,-0.02,-0.90
0.02,-0.01,-0.91
0.02,-0.01,-0.94
0.05,-0.01,-0.96
0.08,-0.01,-0.94
0.09,-0.01,-0.95
0.09,-0.01,-1.00
0.10,-0.00,-1.03
0.13,0.00,-1.01
0.15,0.02,-1.01
0.18,0.02,-1.00
0.20,0.03,-1.03
0.21,0.05,-1.10
0.26,0.05,-1.14
0.30,0.04,-1.10
0.33,0.05,-1.06
0.36,0.05,-1.05
0.42,0.05,-1.07
0.47,0.06,-1.12
0.49,0.06,-1.14
0.48,0.06,-1.13
0.45,0.06,-1.09
0.42,0.06,-1.03
0.40,0.07,-1.01
0.40,0.09,-1.05
0.46,0.10,-1.11
0.54,0.12,-1.16
0.62,0.14,-1.17
0.71,0.16,-1.20
0.78,0.18,-1.24
0.80,0.22,-1.28
0.79,0.25,-1.29
0.81,0.28,-1.26
0.81,0.31,-1.26
0.78,0.34,-1.22
0.73,0.38,-1.17
0.70,0.41,-1.14
0.72,0.43,-1.12
0.74,0.45,-1.07
0.70,0.49,-1.01
0.66,0.52,-1.00
0.59,0.54,-1.00
0.45,0.56,-1.00
0.31,0.57,-0.96
0.21,0.56,-0.89
0.16,0.55,-0.77
0.12,0.53,-0.69
0.09,0.52,-0.72
0.12,0.53,-0.83
0.08,0.52,-0.88
-0.17,0.54,-0.84
-0.46,0.56,-0.73
-0.67,0.51,-0.42
-0.87,0.42,-0.36
-1.02,0.45,-0.50
-1.08,0.37,-0.60
-1.11,0.33,-0.74
-1.20,0.30,-0.83
-1.43,0.20,-0.86
-1.67,0.17,-0.85
-1.73,0.14,-0.82
-1.60,0.08,-0.77
-1.39,0.01,-0.72
-1.30,-0.03,-0.79
-1.30,-0.05,-0.87
-1.27,-0.07,-0.87
-1.16,-0.11,-0.83
-0.97,-0.15,-0.78
-0.80,-0.18,-0.77
-0.71,-0.19,-0.80
-0.64,-0.19,-0.85
-0.60,-0.22,-0.86
-0.54,-0.23,-0.85
-0.43,-0.24,-0.82
-0.35,-0.25,-0.82
-0.32,-0.23,-0.87
-0.31,-0.22,-0.91
-0.27,-0.22,-0.89
-0.23,-0.23,-0.89
-0.20,-0.22,-0.91
-0.16,-0.22,-0.89
-0.18,-0.23,-0.93
-0.25,-0.20,-1.01
-0.24,-0.20,-1.01
-0.19,-0.20,-0.98
-0.20,-0.19,-0.98
-0.25,-0.19,-1.00
-0.30,-0.19,-1.00
-0.33,-0.19,-1.00
-0.33,-0.19,-1.00
-0.28,-0.19,-0.97
-0.19,-0.21,-0.93
-0.18,-0.21,-0.99
-0.24,-0.20,-1.04
-0.26,-0.20,-1.02
-0.24,-0.21,-0.96
-0.20,-0.22,-0.93
-0.18,-0.22,-0.93
-0.19,-0.22,-0.91
-0.20,-0.22,-0.86
-0.20,-0.22,-0.86
-0.18,-0.23,-0.91
-0.16,-0.24,-0.92
-0.19,-0.24,-0.88
-0.25,-0.23,-0.87
-0.24,-0.23,-0.90
-0.23,-0.23,-0.92
-0.25,-0.23,-0.91
-0.27,-0.22,-0.90
-0.28,-0.22,-0.91
-0.28,-0.21,-0.92
-0.28,-0.21,-0.93
-0.26,-0.21,-0.93
-0.21,-0.21,-0.92
-0.18,-0.21,-0.93
-0.19,-0.20,-0.96
-0.22,-0.20,-0.96
-0.25,-0.20,-0.96
-0.26,-0.20,-0.93
-0.26,-0.20,-0.91
-0.27,-0.20,-0.88
-0.29,-0.20,-0.90
-0.30,-0.20,-0.93
-0.28,-0.20,-0.93
-0.26,-0.20,-0.93
-0.25,-0.20,-0.93
-0.27,-0.19,-0.94
-0.31,-0.19,-0.92
-0.35,-0.18,-0.91
-0.34,-0.18,-0.89
-0.30,-0.18,-0.91
-0.28,-0.17,-0.98
-0.30,-0.17,-1.03
-0.33,-0.17,-1.00
-0.35,-0.17,-0.93
-0.38,-0.17,-0.88
-0.40,-0.16,-0.90
-0.45,-0.16,-0.93
-0.54,-0.14,-0.92
-0.62,-0.14,-0.87
-0.71,-0.13,-0.87
-0.78,-0.10,-0.92
-0.85,-0.09,-0.95
-0.91,-0.07,-0.96
-0.96,-0.05,-0.94
-1.02,-0.04,-0.90
-1.10,-0.01,-0.86
-1.18,0.02,-0.85
-1.28,0.07,-0.90
-1.36,0.12,-0.89
-1.44,0.18,-0.85
-1.51,0.25,-0.85
-1.51,0.31,-0.80
-1.47,0.37,-0.76
-1.43,0.43,-0.73
-1.35,0.49,-0.71
-1.20,0.53,-0.60
-1.09,0.57,-0.49
-1.07,0.62,-0.39
-1.03,0.71,-0.35
-0.87,0.75,-0.29
-0.75,0.77,-0.26
-0.71,0.80,-0.20
-0.67,0.89,-0.24
-0.48,1.01,-0.42
-0.04,1.09,-0.62
0.49,1.11,-0.77
0.88,1.06,-1.02
1.16,1.03,-1.31
1.29,0.96,-1.46
1.23,0.93,-1.58
1.26,0.68,-1.69
1.29,0.89,-1.69
1.50,0.83,-1.83
1.68,0.73,-2.04
1.69,0.59,-2.11
1.45,0.49,-1.89
1.07,0.42,-1.51
0.77,0.36,-1.20
0.59,0.29,-0.99
0.45,0.22,-0.86
0.31,0.18,-0.81
0.16,0.14,-0.79
0.02,0.11,-0.78
-0.07,0.09,-0.84
-0.08,0.09,-0.94
-0.01,0.08,-1.02
0.10,0.07,-1.09
0.16,0.06,-1.17
0.11,0.06,-1.25
0.00,0.08,-1.28
-0.07,0.07,-1.24
-0.09,0.06,-1.17
-0.09,0.05,-1.11
-0.11,0.05,-1.12
-0.12,0.04,-1.13
-0.13,0.03,-1.08
-0.15,0.02,-0.99
-0.15,0.01,-0.92
-0.14,0.00,-0.90
-0.11,-0.00,-0.95
-0.08,-0.00,-0.98
-0.06,-0.01,-0.94
-0.04,-0.03,-0.87
-0.06,-0.04,-0.84
-0.08,-0.03,-0.87
-0.09,-0.03,-0.87
-0.11,-0.03,-0.87
-0.13,-0.02,-0.90
-0.12,-0.00,-0.97
-0.06,0.00,-1.02
-0.01,0.00,-1.04
-0.01,0.01,-1.06
-0.06,0.01,-1.06
-0.10,0.02,-1.04
-0.11,0.01,-1.00
-0.09,0.02,-0.97
-0.07,0.01,-0.95
-0.08,0.02,-0.95
-0.10,0.03,-1.00
-0.09,0.03,-1.06
-0.05,0.02,-1.05
-0.03,0.01,-1.01
-0.02,0.01,-0.97
-0.02,0.01,-0.98
-0.04,0.02,-0.97
-0.07,0.02,-0.96
-0.07,0.02,-0.95
-0.05,0.01,-0.94
-0.04,0.01,-0.95
-0.04,0.01,-0.98
-0.04,0.02,-1.01
-0.03,0.02,-1.01
-0.03,0.02,-0.98
-0.04,0.02,-0.95
-0.05,0.02,-0.95
-0.04,0.03,-0.99
-0.00,0.02,-1.01
0.01,0.03,-0.99
0.03,0.04,-0.98
0.05,0.05,-1.00
0.09,0.06,-1.05
0.11,0.07,-1.07
0.12,0.09,-1.08
0.14,0.11,-1.10
0.17,0.12,-1.14
0.21,0.14,-1.16
0.25,0.16,-1.16
0.29,0.18,-1.16
0.36,0.21,-1.18
0.47,0.24,-1.22
0.59,0.28,-1.27
0.70,0.33,-1.35
0.81,0.37,-1.43
0.88,0.42,-1.51
0.95,0.46,-1.52
0.99,0.52,-1.49
1.02,0.56,-1.46
1.06,0.58,-1.31
1.03,0.63,-1.28
0.95,0.70,-1.28
0.89,0.76,-1.24
0.90,0.79,-1.10
0.90,0.85,-0.97
0.82,0.92,-0.95
0.70,1.00,-0.95
0.54,1.04,-0.86
0.30,1.07,-0.84
0.08,1.09,-0.91
-0.06,1.04,-0.88
-0.18,1.02,-0.78
-0.23,0.98,-0.61
-0.32,0.93,-0.49
-0.53,0.90,-0.40
-0.82,0.87,-0.40
-1.08,0.84,-0.25
-1.30,0.72,-0.28
-1.41,0.64,-0.60
-1.42,0.52,-0.58
-1.43,0.49,-0.70
-1.45,0.43,-0.79
-1.48,0.32,-0.85
-1.61,0.34,-0.88
-1.72,0.32,-0.92
-1.66,0.26,-0.89
-1.46,0.18,-0.81
-1.29,0.12,-0.79
-1.26,0.09,-0.89
-1.27,0.07,-0.94
-1.23,0.04,-0.90
-1.11,-0.01,-0.81
-0.95,-0.03,-0.73
-0.85,-0.13,-0.76
-0.85,-0.10,-0.85
-0.79,-0.10,-0.83
-0.70,-0.11,-0.78
-0.59,-0.11,-0.76
-0.47,-0.12,-0.78
-0.38,-0.12,-0.85
-0.35,-0.11,-0.91
-0.32,-0.12,-0.88
-0.28,-0.13,-0.81
-0.29,-0.15,-0.80
-0.33,-0.14,-0.86
-0.35,-0.13,-0.96
-0.34,-0.13,-0.97
-0.38,-0.13,-0.90
-0.43,-0.11,-0.84
-0.43,-0.10,-0.89
-0.36,-0.11,-0.95
-0.29,-0.09,-1.01
-0.24,-0.10,-1.00
-0.25,-0.10,-0.99
-0.31,-0.09,-1.03
-0.38,-0.09,-1.04
-0.45,-0.08,-0.99
-0.45,-0.08,-0.94
-0.37,-0.09,-0.92
-0.31,-0.09,-0.94
-0.28,-0.09,-0.99
-0.26,-0.10,-1.01
-0.23,-0.10,-1.00
-0.23,-0.12,-0.97
-0.27,-0.12,-0.93
-0.32,-0.12,-0.92
-0.34,-0.12,-0.92
-0.33,-0.12,-0.89
-0.31,-0.13,-0.85
-0.28,-0.13,-0.86
-0.28,-0.14,-0.90
-0.31,-0.13,-0.94
-0.31,-0.14,-0.90
-0.34,-0.14,-0.85
-0.38,-0.13,-0.88
-0.39,-0.12,-0.93
-0.38,-0.12,-0.91
-0.37,-0.12,-0.88
-0.34,-0.11,-0.88
-0.32,-0.11,-0.92
-0.31,-0.11,-0.94
-0.31,-0.11,-0.93
-0.32,-0.11,-0.91
-0.32,-0.11,-0.94
-0.32,-0.11,-0.96
-0.31,-0.11,-0.97
-0.32,-0.10,-0.95
-0.34,-0.11,-0.90
-0.39,-0.10,-0.88
-0.42,-0.10,-0.91
-0.41,-0.10,-0.96
-0.38,-0.11,-0.97
-0.36,-0.11,-0.93
-0.37,-0.10,-0.90
-0.40,-0.10,-0.93
-0.42,-0.10,-0.94
-0.46,-0.10,-0.90
-0.49,-0.09,-0.88
-0.49,-0.09,-0.90
-0.49,-0.09,-0.95
-0.48,-0.08,-0.96
-0.50,-0.09,-0.93
-0.55,-0.08,-0.92
-0.57,-0.08,-0.92
-0.62,-0.08,-0.89
-0.70,-0.07,-0.87
-0.82,-0.05,-0.86
-0.96,0.01,-0.90
-1.06,0.05,-0.97
-1.12,0.08,-1.02
-1.16,0.12,-1.03
-1.23,0.17,-1.00
-1.34,0.21,-0.99
-1.45,0.26,-0.98
-1.52,0.31,-0.95
-1.58,0.37,-0.89
-1.64,0.44,-0.84
-1.70,0.53,-0.77
-1.73,0.62,-0.69
-1.73,0.74,-0.59
-1.68,0.85,-0.50
-1.52,0.95,-0.41
-1.29,1.03,-0.39
-1.08,1.08,-0.38
-0.96,1.12,-0.35
-0.76,1.20,-0.29
-0.41,1.22,-0.13
-0.07,1.21,0.03
0.11,1.25,-0.05
0.21,1.32,-0.38
0.40,1.36,-0.77
0.71,1.38,-1.07
1.05,1.39,-1.27
1.38,1.38,-1.49
1.66,1.36,-1.69
1.84,1.25,-1.97
2.05,0.84,-2.25
2.01,0.91,-2.28
1.90,0.78,-2.25
1.70,0.63,-2.00
1.32,0.55,-1.66
0.99,0.48,-1.45
0.76,0.39,-1.24
0.55,0.28,-1.01
0.33,0.23,-0.88
0.20,0.18,-0.86
0.18,0.12,-0.95
0.18,0.11,-1.04
0.11,0.11,-1.03
0.02,0.12,-0.92
-0.03,0.13,-0.89
0.02,0.12,-1.01
0.09,0.10,-1.16
0.11,0.05,-1.18
0.03,0.05,-1.15
-0.02,0.04,-1.13
-0.02,0.01,-1.12
-0.03,0.01,-1.11
0.00,0.00,-1.09
0.05,-0.00,-1.02
0.06,-0.01,-1.01
0.01,0.00,-1.00
-0.05,0.01,-0.99
-0.07,0.01,-1.01
-0.05,-0.01,-1.00
-0.07,-0.00,-0.99
-0.10,0.00,-0.99
-0.10,-0.00,-0.96
-0.07,-0.01,-0.93
-0.01,-0.01,-0.90
0.04,-0.01,-0.93
0.06,-0.02,-0.95
0.00,-0.02,-0.95
-0.06,-0.01,-0.95
-0.06,-0.02,-1.00
-0.05,-0.02,-1.04
-0.05,-0.02,-1.05
-0.03,-0.02,-1.02
-0.01,-0.02,-1.00
-0.00,-0.02,-1.02
-0.03,-0.02,-1.02
-0.07,-0.02,-0.99
-0.10,-0.03,-0.97
-0.11,-0.04,-0.97
-0.12,-0.05,-0.97
-0.13,-0.06,-0.95
-0.12,-0.06,-0.91
-0.07,-0.06,-0.89
-0.04,-0.06,-0.88
-0.05,-0.05,-0.89
-0.09,-0.04,-0.92
-0.11,-0.04,-0.94
-0.11,-0.04,-0.94
-0.11,-0.05,-0.91
-0.12,-0.05,-0.90
-0.11,-0.04,-0.92
-0.09,-0.04,-0.94
-0.08,-0.04,-0.92
-0.07,-0.02,-0.92
-0.07,-0.01,-0.95
-0.07,-0.01,-0.99
-0.09,-0.01,-0.98
-0.11,-0.01,-0.97
-0.12,-0.01,-0.99
-0.11,-0.01,-1.03
-0.10,-0.02,-1.03
-0.12,-0.02,-1.01
-0.13,-0.01,-1.00
-0.12,-0.01,-0.99
-0.11,-0.00,-1.00
-0.11,-0.00,-0.99
-0.11,0.00,-0.98
-0.09,-0.01,-0.97
-0.09,-0.01,-0.98
-0.10,-0.02,-0.97
-0.11,-0.01,-0.95
-0.08,-0.01,-0.97
-0.06,-0.00,-1.00
-0.05,0.00,-1.03
-0.07,0.01,-1.01
-0.09,0.01,-0.98
-0.07,0.01,-1.00
-0.03,0.00,-1.00
-0.03,-0.00,-1.01
-0.05,-0.00,-1.01
-0.06,-0.00,-1.01
-0.07,-0.01,-1.01
-0.07,-0.01,-0.99
-0.07,-0.00,-0.99
-0.06,-0.00,-0.97
-0.05,-0.01,-0.94
-0.06,-0.01,-0.94
-0.08,-0.00,-0.97
-0.09,0.00,-1.02
-0.08,-0.00,-1.02
-0.07,-0.00,-0.98
-0.06,-0.01,-0.94
-0.05,-0.01,-0.94
-0.04,-0.01,-0.98
-0.04,-0.00,-0.99
-0.06,-0.00,-0.97
-0.06,-0.00,-0.95
-0.05,-0.00,-0.97
-0.03,-0.01,-1.01
-0.04,-0.01,-1.01
-0.06,-0.00,-0.99
-0.07,-0.00,-0.97
-0.08,-0.00,-0.97
-0.07,-0.00,-0.98
-0.06,-0.00,-0.98
-0.05,-0.01,-0.94
-0.08,-0.01,-0.91
-0.10,-0.01,-0.94
-0.08,-0.01,-0.99
-0.04,-0.01,-1.01
-0.03,-0.01,-0.99
-0.04,-0.01,-0.98
-0.05,-0.01,-1.00
-0.06,-0.01,-1.02
-0.07,-0.00,-1.01
-0.06,-0.01,-0.97
-0.08,-0.02,-0.93
-0.09,-0.01,-0.94
-0.08,-0.02,-0.95
-0.07,-0.02,-0.97
-0.05,-0.03,-0.97
-0.04,-0.03,-0.98
-0.04,-0.02,-0.97
-0.04,-0.02,-0.97
-0.04,-0.02,-0.97
-0.05,-0.01,-0.97
-0.06,-0.02,-0.94
-0.07,-0.01,-0.93
-0.09,-0.01,-0.95
-0.09,-0.01,-0.97
-0.08,-0.01,-0.98
-0.07,-0.01,-0.98
-0.07,-0.01,-0.96
-0.06,-0.00,-0.96
-0.05,0.00,-0.99
-0.04,0.00,-1.03
-0.04,0.00,-1.03
-0.07,0.00,-1.00
-0.09,0.00,-0.98
-0.08,0.00,-0.99
-0.04,-0.00,-1.01
-0.00,-0.00,-1.02
-0.01,-0.01,-0.99
-0.05,-0.00,-0.96
-0.07,-0.00,-0.95
-0.06,0.00,-0.97
-0.04,-0.00,-0.98
-0.02,-0.01,-0.97
-0.02,-0.01,-0.97
-0.04,-0.01,-0.98
-0.05,-0.00,-1.00
-0.04,-0.00,-1.00
-0.03,-0.01,-0.97
-0.05,-0.00,-0.96
-0.05,-0.01,-0.99
-0.04,-0.01,-1.02
-0.03,-0.01,-1.00
-0.05,-0.01,-0.97
-0.07,-0.01,-0.97
-0.06,-0.01,-0.98
-0.05,-0.02,-0.97
-0.05,-0.02,-0.96
-0.06,-0.02,-0.97
-0.07,-0.02,-0.98
-0.07,-0.02,-0.96
-0.09,-0.02,-0.96
-0.07,-0.02,-0.99
-0.04,-0.03,-1.00
-0.03,-0.03,-0.97
-0.05,-0.03,-0.97
-0.08,-0.03,-0.96
-0.10,-0.02,-0.96
-0.10,-0.02,-0.98
-0.08,-0.03,-0.96
-0.08,-0.03,-0.95
-0.09,-0.02,-0.97
-0.08,-0.02,-1.00
-0.08,-0.02,-1.01
-0.09,-0.03,-0.98
-0.10,-0.03,-0.94
-0.10,-0.03,-0.94
-0.08,-0.03,-0.97
-0.06,-0.03,-0.99
-0.04,-0.04,-0.97
-0.06,-0.03,-0.94
-0.08,-0.03,-0.94
-0.08,-0.03,-0.97
-0.07,-0.02,-1.00
-0.05,-0.03,-1.00
-0.05,-0.03,-0.98
-0.07,-0.03,-0.95
-0.07,-0.03,-0.93
-0.05,-0.03,-0.95
-0.03,-0.03,-0.99
-0.02,-0.03,-1.01
-0.03,-0.03,-0.98
-0.05,-0.03,-0.94
-0.08,-0.03,-0.94
-0.07,-0.03,-1.00
-0.04,-0.03,-1.01
-0.03,-0.04,-0.96
-0.04,-0.03,-0.93
-0.05,-0.03,-0.93
-0.06,-0.03,-0.98
-0.08,-0.02,-1.02
-0.08,-0.03,-1.01
-0.06,-0.03,-0.97
-0.05,-0.03,-0.97
-0.05,-0.02,-0.97
-0.06,-0.02,-0.96
-0.08,-0.02,-0.96
-0.07,-0.02,-0.97
-0.06,-0.02,-0.97
-0.05,-0.02,-0.98
-0.03,-0.02,-1.00
-0.02,-0.03,-1.01
-0.03,-0.02,-1.01
-0.03,-0.03,-0.99
-0.04,-0.03,-0.96
-0.05,-0.03,-0.94
-0.05,-0.03,-0.94
-0.06,-0.03,-0.92
-0.07,-0.03,-0.92
-0.07,-0.02,-0.96
-0.04,-0.02,-1.01
-0.03,-0.03,-1.01
-0.05,-0.02,-0.99
-0.05,-0.02,-0.98
-0.04,-0.02,-0.98
-0.05,-0.02,-0.99
-0.06,-0.02,-0.97
-0.07,-0.02,-0.95
-0.07,-0.02,-0.95
-0.06,-0.02,-0.99
-0.06,-0.02,-1.02
-0.05,-0.01,-1.02
-0.05,-0.02,-1.00
-0.04,-0.02,-0.98
-0.03,-0.02,-0.97
-0.03,-0.03,-0.97
-0.03,-0.03,-0.97
-0.03,-0.03,-0.96
-0.04,-0.03,-0.94
-0.04,-0.04,-0.94
-0.05,-0.04,-0.95
-0.07,-0.03,-0.97
-0.06,-0.03,-0.99
-0.04,-0.04,-0.98
-0.04,-0.04,-0.95
-0.05,-0.04,-0.95
-0.07,-0.03,-0.97
-0.07,-0.04,-0.96
-0.08,-0.03,-0.93
-0.09,-0.03,-0.93
-0.10,-0.02,-0.96
-0.10,-0.02,-0.99
-0.09,-0.02,-1.00
-0.07,-0.02,-0.99
-0.06,-0.01,-0.97
-0.06,-0.01,-0.98
-0.05,-0.00,-1.02
-0.04,-0.00,-1.03
-0.04,-0.01,-1.01
-0.03,-0.01,-0.98
-0.01,-0.01,-0.98
0.01,-0.02,-0.99
-0.00,-0.02,-0.97
-0.03,-0.02,-0.94
-0.03,-0.02,-0.94
-0.00,-0.02,-0.98
0.01,-0.02,-1.00
-0.01,-0.02,-0.98
-0.02,-0.02,-0.96
-0.04,-0.02,-0.96
-0.06,-0.01,-0.97
