timestamp,AX,AY,AZ
0,-0.23,-0.42,-0.80
18,-0.28,-0.43,-0.85
37,-0.26,-0.41,-0.90
55,-0.18,-0.44,-0.90
74,-0.21,-0.44,-0.88
92,-0.23,-0.45,-0.86
111,-0.26,-0.47,-0.84
129,-0.28,-0.44,-0.79
148,-0.30,-0.47,-0.75
166,-0.35,-0.46,-0.70
185,-0.34,-0.45,-0.65
203,-0.27,-0.49,-0.64
222,-0.27,-0.49,-0.66
240,-0.32,-0.52,-0.70
259,-0.33,-0.50,-0.82
277,-0.28,-0.51,-0.90
296,-0.24,-0.52,-0.92
314,-0.27,-0.52,-0.94
333,-0.31,-0.52,-0.93
351,-0.35,-0.51,-0.90
370,-0.32,-0.51,-0.82
388,-0.26,-0.52,-0.76
407,-0.23,-0.51,-0.74
425,-0.21,-0.50,-0.74
444,-0.21,-0.51,-0.72
462,-0.24,-0.51,-0.68
481,-0.27,-0.51,-0.65
499,-0.30,-0.50,-0.64
518,-0.29,-0.48,-0.65
536,-0.31,-0.51,-0.65
555,-0.35,-0.52,-0.74
573,-0.38,-0.54,-0.84
592,-0.41,-0.52,-0.86
610,-0.44,-0.53,-0.82
629,-0.48,-0.52,-0.80
647,-0.48,-0.52,-0.78
666,-0.44,-0.52,-0.75
684,-0.41,-0.52,-0.72
703,-0.40,-0.51,-0.70
721,-0.40,-0.51,-0.71
740,-0.41,-0.52,-0.75
758,-0.41,-0.51,-0.80
777,-0.39,-0.53,-0.79
795,-0.37,-0.51,-0.78
814,-0.37,-0.53,-0.78
832,-0.35,-0.54,-0.77
851,-0.34,-0.54,-0.77
869,-0.34,-0.55,-0.76
888,-0.33,-0.55,-0.77
906,-0.36,-0.55,-0.76
925,-0.38,-0.54,-0.77
943,-0.40,-0.53,-0.77
962,-0.39,-0.53,-0.75
980,-0.39,-0.52,-0.71
999,-0.39,-0.52,-0.66
1017,-0.38,-0.53,-0.66
1036,-0.40,-0.53,-0.67
1054,-0.41,-0.52,-0.68
1073,-0.40,-0.53,-0.69
1091,-0.39,-0.53,-0.69
1110,-0.39,-0.53,-0.71
1128,-0.38,-0.53,-0.75
1147,-0.42,-0.54,-0.76
1165,-0.42,-0.55,-0.75
1184,-0.44,-0.54,-0.73
1202,-0.46,-0.52,-0.70
1221,-0.44,-0.51,-0.70
1239,-0.41,-0.53,-0.69
1258,-0.44,-0.55,-0.71
1276,-0.47,-0.54,-0.73
1295,-0.46,-0.54,-0.74
1313,-0.44,-0.54,-0.72
1332,-0.43,-0.54,-0.69
1350,-0.40,-0.55,-0.70
1369,-0.37,-0.55,-0.72
1387,-0.37,-0.54,-0.70
1406,-0.40,-0.54,-0.68
1424,-0.41,-0.53,-0.68
1443,-0.40,-0.54,-0.69
1461,-0.40,-0.54,-0.70
1480,-0.41,-0.54,-0.73
1498,-0.43,-0.53,-0.74
1517,-0.45,-0.53,-0.72
1535,-0.45,-0.55,-0.69
1554,-0.44,-0.55,-0.69
1572,-0.43,-0.55,-0.69
1591,-0.42,-0.55,-0.68
1609,-0.40,-0.54,-0.67
1628,-0.37,-0.54,-0.68
1646,-0.34,-0.55,-0.68
1665,-0.37,-0.55,-0.66
1683,-0.40,-0.55,-0.65
1702,-0.42,-0.54,-0.67
1720,-0.42,-0.55,-0.68
1739,-0.43,-0.55,-0.69
1757,-0.44,-0.54,-0.70
1776,-0.43,-0.55,-0.72
1794,-0.44,-0.55,-0.72
1813,-0.47,-0.55,-0.71
1831,-0.47,-0.55,-0.72
1850,-0.43,-0.55,-0.73
1868,-0.41,-0.55,-0.71
1887,-0.42,-0.55,-0.68
1905,-0.45,-0.55,-0.67
1924,-0.47,-0.54,-0.68
1942,-0.46,-0.54,-0.70
1961,-0.42,-0.54,-0.70
1979,-0.40,-0.54,-0.68
1998,-0.42,-0.54,-0.69
2016,-0.43,-0.53,-0.70
2035,-0.43,-0.54,-0.70
2053,-0.44,-0.54,-0.69
2072,-0.45,-0.54,-0.69
2090,-0.44,-0.54,-0.69
2109,-0.42,-0.55,-0.70
2127,-0.44,-0.54,-0.68
2146,-0.44,-0.54,-0.68
2164,-0.42,-0.54,-0.69
2183,-0.41,-0.54,-0.70
2201,-0.41,-0.54,-0.70
2220,-0.42,-0.54,-0.71
2238,-0.44,-0.52,-0.73
2257,-0.43,-0.53,-0.72
2275,-0.43,-0.54,-0.70
2294,-0.44,-0.54,-0.69
2312,-0.44,-0.54,-0.71
2331,-0.44,-0.54,-0.70
2349,-0.44,-0.55,-0.67
2368,-0.44,-0.55,-0.67
2386,-0.44,-0.54,-0.68
2405,-0.43,-0.55,-0.68
2423,-0.41,-0.55,-0.67
2442,-0.40,-0.54,-0.67
2460,-0.42,-0.54,-0.67
2479,-0.45,-0.55,-0.67
2497,-0.46,-0.53,-0.68
2516,-0.45,-0.55,-0.70
2534,-0.47,-0.54,-0.71
2553,-0.49,-0.54,-0.72
2571,-0.48,-0.55,-0.71
2590,-0.48,-0.54,-0.70
2608,-0.44,-0.54,-0.70
2627,-0.43,-0.54,-0.69
2645,-0.44,-0.54,-0.70
2664,-0.44,-0.54,-0.70
2682,-0.45,-0.54,-0.70
2701,-0.45,-0.54,-0.69
2719,-0.45,-0.55,-0.68
2738,-0.44,-0.53,-0.69
2756,-0.41,-0.54,-0.69
2775,-0.42,-0.53,-0.67
2793,-0.43,-0.52,-0.66
2812,-0.41,-0.53,-0.67
2830,-0.41,-0.53,-0.68
2849,-0.43,-0.53,-0.67
2867,-0.45,-0.53,-0.67
2886,-0.47,-0.53,-0.69
2904,-0.46,-0.54,-0.70
2923,-0.45,-0.54,-0.70
2941,-0.45,-0.54,-0.69
2960,-0.45,-0.54,-0.69
2978,-0.44,-0.54,-0.69
2997,-0.43,-0.55,-0.69
3015,-0.43,-0.53,-0.70
3034,-0.43,-0.54,-0.70
3052,-0.46,-0.54,-0.70
3071,-0.47,-0.54,-0.70
3089,-0.45,-0.54,-0.72
3108,-0.44,-0.54,-0.70
3126,-0.45,-0.54,-0.68
3145,-0.45,-0.54,-0.67
3163,-0.45,-0.53,-0.68
3182,-0.43,-0.51,-0.68
3200,-0.45,-0.54,-0.67
3219,-0.47,-0.53,-0.68
3237,-0.45,-0.53,-0.70
3256,-0.44,-0.52,-0.70
3274,-0.44,-0.54,-0.68
3293,-0.46,-0.53,-0.68
3311,-0.45,-0.53,-0.67
3330,-0.45,-0.53,-0.67
3348,-0.45,-0.54,-0.68
3367,-0.45,-0.54,-0.70
3385,-0.45,-0.53,-0.73
3404,-0.46,-0.54,-0.71
3422,-0.48,-0.53,-0.68
3441,-0.48,-0.54,-0.65
3459,-0.47,-0.53,-0.65
3478,-0.45,-0.53,-0.67
3496,-0.44,-0.53,-0.69
3515,-0.46,-0.53,-0.69
3533,-0.49,-0.53,-0.68
3552,-0.50,-0.52,-0.68
3570,-0.47,-0.53,-0.68
3589,-0.45,-0.53,-0.68
3607,-0.46,-0.53,-0.68
3626,-0.45,-0.53,-0.70
3644,-0.45,-0.53,-0.71
3663,-0.46,-0.53,-0.70
3681,-0.47,-0.53,-0.68
3700,-0.47,-0.53,-0.67
3718,-0.47,-0.53,-0.67
3737,-0.47,-0.53,-0.68
3755,-0.48,-0.52,-0.69
3774,-0.46,-0.53,-0.69
3792,-0.46,-0.53,-0.69
3811,-0.47,-0.53,-0.67
3829,-0.48,-0.53,-0.67
3848,-0.48,-0.53,-0.68
3866,-0.47,-0.52,-0.69
3885,-0.46,-0.53,-0.68
3903,-0.46,-0.53,-0.69
3922,-0.48,-0.53,-0.69
3940,-0.50,-0.52,-0.67
3959,-0.49,-0.53,-0.68
3977,-0.49,-0.52,-0.67
3996,-0.47,-0.52,-0.67
4014,-0.46,-0.52,-0.66
4033,-0.45,-0.52,-0.68
4051,-0.45,-0.53,-0.70
4070,-0.47,-0.53,-0.72
4088,-0.49,-0.53,-0.68
4107,-0.50,-0.53,-0.67
4125,-0.50,-0.53,-0.66
4144,-0.49,-0.53,-0.68
4162,-0.49,-0.52,-0.69
4181,-0.46,-0.53,-0.69
4199,-0.47,-0.51,-0.70
4218,-0.46,-0.53,-0.71
4236,-0.45,-0.52,-0.71
4255,-0.46,-0.52,-0.67
4273,-0.47,-0.53,-0.66
4292,-0.47,-0.51,-0.69
4310,-0.46,-0.53,-0.70
4329,-0.49,-0.52,-0.68
4347,-0.49,-0.52,-0.66
4366,-0.48,-0.53,-0.66
4384,-0.48,-0.53,-0.66
4403,-0.49,-0.53,-0.65
4421,-0.47,-0.54,-0.67
4440,-0.47,-0.53,-0.66
4458,-0.49,-0.53,-0.66
4477,-0.50,-0.53,-0.68
4495,-0.50,-0.53,-0.68
4514,-0.49,-0.53,-0.67
4532,-0.47,-0.52,-0.67
4551,-0.43,-0.54,-0.66
4569,-0.47,-0.54,-0.66
4588,-0.52,-0.53,-0.64
4606,-0.51,-0.53,-0.65
4625,-0.49,-0.53,-0.66
4643,-0.48,-0.53,-0.68
4662,-0.50,-0.53,-0.69
4680,-0.51,-0.53,-0.68
4699,-0.49,-0.53,-0.67
4717,-0.46,-0.54,-0.65
4736,-0.48,-0.53,-0.65
4754,-0.49,-0.53,-0.65
4773,-0.49,-0.53,-0.66
4791,-0.49,-0.54,-0.67
4810,-0.49,-0.54,-0.65
4828,-0.49,-0.53,-0.66
4847,-0.50,-0.54,-0.67
4865,-0.51,-0.53,-0.67
4884,-0.50,-0.53,-0.67
4902,-0.49,-0.54,-0.66
4921,-0.50,-0.54,-0.65
4939,-0.50,-0.54,-0.65
4958,-0.49,-0.54,-0.64
4976,-0.48,-0.53,-0.64
4995,-0.48,-0.53,-0.66
5013,-0.48,-0.54,-0.67
5032,-0.50,-0.54,-0.67
5050,-0.52,-0.54,-0.66
5069,-0.51,-0.54,-0.64
5087,-0.50,-0.53,-0.64
5106,-0.49,-0.54,-0.64
5124,-0.49,-0.53,-0.66
5143,-0.48,-0.54,-0.68
5161,-0.49,-0.54,-0.69
5180,-0.50,-0.53,-0.66
5198,-0.50,-0.54,-0.65
5217,-0.49,-0.54,-0.65
5235,-0.49,-0.54,-0.65
5254,-0.50,-0.54,-0.66
5272,-0.49,-0.54,-0.65
5291,-0.48,-0.54,-0.64
5309,-0.48,-0.54,-0.64
5328,-0.51,-0.54,-0.65
5346,-0.51,-0.54,-0.68
5365,-0.51,-0.54,-0.67
5383,-0.50,-0.54,-0.65
5402,-0.49,-0.54,-0.64
5420,-0.49,-0.54,-0.63
5439,-0.49,-0.54,-0.64
5457,-0.48,-0.54,-0.65
5476,-0.49,-0.55,-0.65
5494,-0.52,-0.54,-0.65
5513,-0.54,-0.54,-0.65
5531,-0.53,-0.54,-0.65
5550,-0.52,-0.54,-0.65
5568,-0.51,-0.54,-0.66
5587,-0.50,-0.54,-0.66
5605,-0.49,-0.54,-0.67
5624,-0.49,-0.54,-0.65
5642,-0.48,-0.54,-0.63
5661,-0.48,-0.54,-0.62
5679,-0.48,-0.54,-0.63
5698,-0.49,-0.54,-0.64
5716,-0.49,-0.55,-0.64
5735,-0.51,-0.54,-0.64
5753,-0.52,-0.53,-0.65
5772,-0.50,-0.54,-0.65
5790,-0.51,-0.55,-0.64
5809,-0.52,-0.55,-0.64
5827,-0.52,-0.54,-0.66
5846,-0.50,-0.54,-0.66
5864,-0.50,-0.55,-0.65
5883,-0.51,-0.55,-0.63
5901,-0.52,-0.54,-0.63
5920,-0.49,-0.55,-0.65
5938,-0.48,-0.55,-0.65
5957,-0.50,-0.54,-0.64
5975,-0.52,-0.54,-0.63
5994,-0.53,-0.54,-0.65
6012,-0.51,-0.55,-0.66
6031,-0.50,-0.54,-0.65
6049,-0.50,-0.54,-0.63
6068,-0.50,-0.55,-0.64
6086,-0.50,-0.55,-0.65
6105,-0.51,-0.55,-0.65
6123,-0.50,-0.54,-0.64
6142,-0.48,-0.55,-0.63
6160,-0.49,-0.55,-0.63
6179,-0.50,-0.54,-0.64
6197,-0.51,-0.55,-0.65
6216,-0.51,-0.55,-0.66
6234,-0.51,-0.54,-0.66
6253,-0.51,-0.54,-0.65
6271,-0.50,-0.55,-0.64
6290,-0.51,-0.54,-0.64
6308,-0.52,-0.54,-0.64
6327,-0.52,-0.54,-0.64
6345,-0.51,-0.54,-0.64
6364,-0.49,-0.55,-0.64
6382,-0.50,-0.54,-0.63
6401,-0.51,-0.54,-0.63
6419,-0.51,-0.54,-0.63
6438,-0.50,-0.54,-0.62
6456,-0.50,-0.55,-0.62
6475,-0.51,-0.54,-0.64
6493,-0.50,-0.54,-0.66
6512,-0.50,-0.55,-0.66
6530,-0.51,-0.55,-0.65
6549,-0.52,-0.54,-0.65
6567,-0.51,-0.55,-0.65
6586,-0.50,-0.54,-0.65
6604,-0.49,-0.55,-0.65
6623,-0.50,-0.55,-0.64
6641,-0.51,-0.55,-0.65
6660,-0.52,-0.55,-0.65
6678,-0.51,-0.55,-0.65
6697,-0.50,-0.55,-0.64
6715,-0.49,-0.55,-0.63
6734,-0.50,-0.55,-0.63
6752,-0.51,-0.54,-0.64
6771,-0.49,-0.55,-0.65
6789,-0.50,-0.55,-0.65
6808,-0.52,-0.54,-0.63
6826,-0.52,-0.54,-0.63
6845,-0.50,-0.54,-0.64
6863,-0.50,-0.54,-0.65
6882,-0.50,-0.54,-0.66
6900,-0.51,-0.55,-0.64
6919,-0.51,-0.55,-0.63
6937,-0.49,-0.55,-0.63
6956,-0.49,-0.55,-0.63
6974,-0.50,-0.55,-0.64
6993,-0.51,-0.54,-0.65
7011,-0.52,-0.55,-0.65
7030,-0.52,-0.54,-0.64
7048,-0.51,-0.55,-0.64
7067,-0.51,-0.55,-0.65
7085,-0.52,-0.55,-0.65
7104,-0.52,-0.54,-0.66
7122,-0.49,-0.54,-0.66
7141,-0.48,-0.55,-0.65
7159,-0.50,-0.54,-0.64
7178,-0.51,-0.54,-0.64
7196,-0.49,-0.54,-0.64
7215,-0.47,-0.55,-0.64
7233,-0.50,-0.55,-0.63
7252,-0.52,-0.54,-0.62
7270,-0.52,-0.54,-0.62
7289,-0.50,-0.55,-0.64
7307,-0.49,-0.55,-0.65
7326,-0.50,-0.55,-0.65
7344,-0.52,-0.55,-0.65
7363,-0.53,-0.55,-0.65
7381,-0.52,-0.55,-0.65
7400,-0.50,-0.55,-0.64
7418,-0.50,-0.55,-0.64
7437,-0.51,-0.55,-0.63
7455,-0.51,-0.55,-0.63
7474,-0.50,-0.54,-0.64
7492,-0.48,-0.55,-0.66
7511,-0.47,-0.55,-0.65
7529,-0.52,-0.55,-0.62
7548,-0.53,-0.54,-0.62
7566,-0.50,-0.55,-0.65
7585,-0.49,-0.55,-0.66
7603,-0.50,-0.55,-0.65
7622,-0.51,-0.55,-0.63
7640,-0.51,-0.55,-0.63
7659,-0.51,-0.55,-0.64
7677,-0.50,-0.55,-0.65
7696,-0.50,-0.55,-0.65
7714,-0.50,-0.56,-0.64
7733,-0.51,-0.55,-0.63
7751,-0.51,-0.54,-0.63
7770,-0.50,-0.55,-0.64
7788,-0.49,-0.55,-0.65
7807,-0.50,-0.55,-0.64
7825,-0.52,-0.54,-0.64
7844,-0.51,-0.55,-0.64
7862,-0.50,-0.55,-0.64
7881,-0.49,-0.55,-0.64
7899,-0.49,-0.55,-0.64
7918,-0.50,-0.55,-0.63
7936,-0.51,-0.55,-0.62
7955,-0.51,-0.55,-0.64
7973,-0.50,-0.55,-0.65
7992,-0.51,-0.55,-0.65
8010,-0.52,-0.55,-0.65
8029,-0.50,-0.55,-0.64
8047,-0.50,-0.55,-0.63
8066,-0.51,-0.55,-0.62
8084,-0.51,-0.54,-0.64
8103,-0.49,-0.54,-0.66
8121,-0.49,-0.55,-0.66
8140,-0.52,-0.55,-0.65
8158,-0.52,-0.55,-0.63
8177,-0.50,-0.55,-0.63
8195,-0.50,-0.55,-0.64
8214,-0.51,-0.55,-0.64
8232,-0.51,-0.55,-0.64
8251,-0.50,-0.55,-0.64
8269,-0.49,-0.55,-0.64
8288,-0.51,-0.55,-0.64
8306,-0.52,-0.55,-0.64
8325,-0.51,-0.54,-0.64
8343,-0.50,-0.55,-0.63
8362,-0.51,-0.55,-0.63
8380,-0.51,-0.55,-0.63
8399,-0.50,-0.55,-0.64
8417,-0.50,-0.55,-0.64
8436,-0.51,-0.55,-0.64
8454,-0.50,-0.55,-0.65
8473,-0.51,-0.55,-0.66
8491,-0.52,-0.55,-0.64
8510,-0.50,-0.55,-0.63
8528,-0.49,-0.55,-0.63
8547,-0.49,-0.55,-0.64
8565,-0.50,-0.55,-0.64
8584,-0.51,-0.55,-0.64
8602,-0.51,-0.55,-0.64
8621,-0.52,-0.55,-0.64
8639,-0.54,-0.55,-0.65
8658,-0.53,-0.55,-0.65
8676,-0.51,-0.55,-0.64
8695,-0.50,-0.55,-0.63
8713,-0.49,-0.54,-0.63
8732,-0.48,-0.54,-0.64
8750,-0.49,-0.55,-0.64
8769,-0.51,-0.55,-0.63
8787,-0.50,-0.54,-0.63
8806,-0.49,-0.55,-0.63
8824,-0.51,-0.55,-0.63
8843,-0.52,-0.55,-0.64
8861,-0.52,-0.55,-0.64
8880,-0.50,-0.55,-0.64
8898,-0.50,-0.55,-0.63
8917,-0.51,-0.55,-0.63
8935,-0.50,-0.55,-0.63
8954,-0.49,-0.56,-0.64
8972,-0.51,-0.55,-0.65
8991,-0.52,-0.55,-0.65
9009,-0.52,-0.55,-0.65
9028,-0.51,-0.55,-0.65
9046,-0.51,-0.55,-0.65
9065,-0.50,-0.55,-0.64
9083,-0.50,-0.55,-0.62
9102,-0.50,-0.55,-0.62
9120,-0.51,-0.55,-0.64
9139,-0.52,-0.55,-0.65
9157,-0.51,-0.55,-0.64
9176,-0.51,-0.55,-0.63
9194,-0.50,-0.55,-0.62
9213,-0.50,-0.55,-0.63
9231,-0.51,-0.55,-0.63
9250,-0.50,-0.55,-0.64
9268,-0.49,-0.55,-0.64
9287,-0.50,-0.55,-0.63
9305,-0.51,-0.54,-0.63
9324,-0.50,-0.56,-0.63
9342,-0.52,-0.55,-0.65
9361,-0.53,-0.55,-0.66
9379,-0.52,-0.55,-0.64
9398,-0.51,-0.55,-0.63
9416,-0.50,-0.55,-0.62
9435,-0.49,-0.54,-0.63
9453,-0.49,-0.56,-0.63
9472,-0.50,-0.55,-0.65
9490,-0.50,-0.55,-0.65
9509,-0.51,-0.55,-0.64
9527,-0.50,-0.55,-0.63
9546,-0.51,-0.56,-0.63
9564,-0.51,-0.55,-0.64
9583,-0.50,-0.55,-0.64
9601,-0.51,-0.55,-0.63
9620,-0.52,-0.55,-0.63
9638,-0.51,-0.55,-0.64
9657,-0.51,-0.56,-0.64
9675,-0.52,-0.55,-0.63
9694,-0.52,-0.55,-0.62
9712,-0.50,-0.55,-0.63
9731,-0.49,-0.56,-0.64
9749,-0.51,-0.55,-0.63
9768,-0.52,-0.55,-0.64
9786,-0.51,-0.56,-0.64
9805,-0.51,-0.55,-0.64
9823,-0.51,-0.56,-0.63
9842,-0.52,-0.55,-0.63
9860,-0.51,-0.55,-0.63
9879,-0.50,-0.55,-0.63
9897,-0.49,-0.56,-0.63
9916,-0.50,-0.56,-0.63
9934,-0.52,-0.56,-0.63
9953,-0.53,-0.55,-0.63
9971,-0.52,-0.55,-0.63
9990,-0.51,-0.56,-0.63
10008,-0.51,-0.55,-0.63
10027,-0.50,-0.55,-0.64
10045,-0.50,-0.55,-0.63
10064,-0.52,-0.56,-0.62
10082,-0.53,-0.55,-0.63
10101,-0.51,-0.55,-0.63
10119,-0.49,-0.56,-0.64
10138,-0.50,-0.56,-0.62
10156,-0.52,-0.55,-0.62
10175,-0.52,-0.55,-0.63
10193,-0.51,-0.56,-0.64
10212,-0.51,-0.55,-0.64
10230,-0.51,-0.56,-0.63
10249,-0.53,-0.56,-0.63
10267,-0.55,-0.56,-0.63
10286,-0.53,-0.55,-0.64
10304,-0.51,-0.56,-0.65
10323,-0.51,-0.56,-0.64
10341,-0.51,-0.55,-0.63
10360,-0.50,-0.55,-0.62
10378,-0.48,-0.55,-0.61
10397,-0.48,-0.55,-0.61
10415,-0.50,-0.56,-0.61
10434,-0.52,-0.56,-0.62
10452,-0.52,-0.55,-0.63
10471,-0.51,-0.55,-0.62
10489,-0.51,-0.56,-0.62
10508,-0.51,-0.55,-0.62
10526,-0.52,-0.55,-0.63
10545,-0.51,-0.56,-0.63
10563,-0.52,-0.56,-0.63
10582,-0.52,-0.56,-0.64
10600,-0.52,-0.56,-0.64
10619,-0.53,-0.56,-0.63
10637,-0.52,-0.56,-0.62
10656,-0.50,-0.56,-0.62
10674,-0.50,-0.56,-0.61
10693,-0.51,-0.56,-0.62
10711,-0.51,-0.56,-0.63
10730,-0.52,-0.55,-0.63
10748,-0.53,-0.56,-0.63
10767,-0.53,-0.56,-0.63
10785,-0.52,-0.56,-0.62
10804,-0.50,-0.56,-0.62
10822,-0.50,-0.56,-0.62
10841,-0.51,-0.55,-0.62
10859,-0.51,-0.56,-0.63
10878,-0.50,-0.56,-0.63
10896,-0.51,-0.56,-0.62
10915,-0.52,-0.56,-0.62
10933,-0.51,-0.56,-0.63
10952,-0.52,-0.56,-0.62
10970,-0.52,-0.56,-0.62
10989,-0.51,-0.56,-0.62
11007,-0.52,-0.56,-0.62
11026,-0.52,-0.55,-0.63
11044,-0.51,-0.56,-0.63
11063,-0.50,-0.56,-0.62
11081,-0.51,-0.55,-0.61
11100,-0.50,-0.56,-0.62
11118,-0.50,-0.56,-0.63
11137,-0.52,-0.56,-0.63
11155,-0.52,-0.56,-0.63
11174,-0.51,-0.56,-0.62
11192,-0.51,-0.56,-0.61
11211,-0.52,-0.56,-0.61
11229,-0.52,-0.56,-0.63
11248,-0.52,-0.56,-0.64
11266,-0.52,-0.56,-0.62
11285,-0.51,-0.56,-0.61
11303,-0.50,-0.56,-0.61
11322,-0.50,-0.56,-0.62
11340,-0.51,-0.56,-0.63
11359,-0.51,-0.56,-0.63
11377,-0.52,-0.56,-0.62
11396,-0.51,-0.56,-0.63
11414,-0.51,-0.56,-0.63
11433,-0.52,-0.56,-0.62
11451,-0.52,-0.56,-0.62
11470,-0.50,-0.56,-0.62
11488,-0.51,-0.56,-0.62
11507,-0.53,-0.56,-0.62
11525,-0.52,-0.56,-0.62
11544,-0.51,-0.56,-0.62
11562,-0.51,-0.56,-0.62
11581,-0.50,-0.56,-0.62
11599,-0.51,-0.56,-0.62
11618,-0.53,-0.56,-0.62
11636,-0.52,-0.56,-0.62
11655,-0.51,-0.56,-0.63
11673,-0.51,-0.56,-0.63
11692,-0.52,-0.56,-0.62
11710,-0.51,-0.56,-0.62
11729,-0.50,-0.56,-0.61
11747,-0.51,-0.56,-0.62
11766,-0.51,-0.56,-0.63
11784,-0.52,-0.56,-0.64
11803,-0.53,-0.56,-0.63
11821,-0.53,-0.56,-0.63
11840,-0.52,-0.56,-0.63
11858,-0.51,-0.56,-0.63
11877,-0.51,-0.56,-0.63
11895,-0.51,-0.56,-0.62
11914,-0.51,-0.56,-0.62
11932,-0.49,-0.56,-0.61
11951,-0.48,-0.56,-0.61
11969,-0.50,-0.56,-0.61
11988,-0.53,-0.55,-0.61
12006,-0.52,-0.55,-0.62
12025,-0.51,-0.56,-0.63
12043,-0.52,-0.56,-0.62
12062,-0.53,-0.56,-0.62
12080,-0.52,-0.56,-0.62
12099,-0.51,-0.56,-0.62
12117,-0.51,-0.56,-0.63
12136,-0.51,-0.56,-0.63
12154,-0.51,-0.56,-0.62
12173,-0.52,-0.56,-0.61
12191,-0.52,-0.56,-0.63
12210,-0.51,-0.56,-0.64
12228,-0.52,-0.56,-0.63
12247,-0.53,-0.55,-0.62
12265,-0.51,-0.55,-0.62
12284,-0.50,-0.56,-0.62
12302,-0.53,-0.56,-0.61
12321,-0.54,-0.56,-0.61
12339,-0.52,-0.56,-0.62
12358,-0.50,-0.56,-0.62
12376,-0.50,-0.55,-0.62
12395,-0.51,-0.56,-0.62
12413,-0.51,-0.56,-0.62
12432,-0.52,-0.56,-0.63
12450,-0.50,-0.56,-0.63
12469,-0.50,-0.56,-0.63
12487,-0.52,-0.56,-0.62
12506,-0.53,-0.56,-0.62
12524,-0.53,-0.56,-0.62
12543,-0.52,-0.56,-0.63
12561,-0.52,-0.56,-0.62
12580,-0.52,-0.56,-0.61
12598,-0.51,-0.56,-0.62
12617,-0.51,-0.56,-0.63
12635,-0.51,-0.56,-0.63
12654,-0.52,-0.56,-0.63
12672,-0.51,-0.56,-0.62
12691,-0.51,-0.55,-0.62
12709,-0.51,-0.56,-0.61
12728,-0.51,-0.56,-0.61
12746,-0.52,-0.56,-0.62
12765,-0.52,-0.56,-0.62
12783,-0.52,-0.55,-0.63
12802,-0.51,-0.56,-0.63
12820,-0.52,-0.56,-0.63
12839,-0.52,-0.56,-0.62
12857,-0.52,-0.56,-0.61
12876,-0.51,-0.56,-0.62
12894,-0.51,-0.56,-0.62
12913,-0.51,-0.56,-0.62
12931,-0.51,-0.56,-0.62
12950,-0.52,-0.56,-0.64
12968,-0.52,-0.56,-0.63
12987,-0.52,-0.56,-0.62
13005,-0.52,-0.56,-0.61
13024,-0.52,-0.56,-0.61
13042,-0.52,-0.55,-0.62
13061,-0.50,-0.56,-0.63
13079,-0.52,-0.56,-0.62
13098,-0.53,-0.56,-0.62
13116,-0.52,-0.56,-0.62
13135,-0.52,-0.56,-0.62
13153,-0.52,-0.56,-0.62
13172,-0.52,-0.56,-0.62
13190,-0.52,-0.56,-0.63
13209,-0.52,-0.56,-0.63
13227,-0.51,-0.56,-0.62
13246,-0.50,-0.56,-0.61
13264,-0.51,-0.56,-0.62
13283,-0.52,-0.56,-0.62
13301,-0.51,-0.56,-0.63
13320,-0.51,-0.56,-0.62
13338,-0.51,-0.56,-0.62
13357,-0.51,-0.56,-0.61
13375,-0.51,-0.56,-0.62
13394,-0.51,-0.56,-0.63
13412,-0.53,-0.56,-0.63
13431,-0.54,-0.56,-0.63
13449,-0.55,-0.56,-0.63
13468,-0.54,-0.56,-0.63
13486,-0.52,-0.56,-0.62
13505,-0.50,-0.56,-0.62
13523,-0.49,-0.56,-0.62
13542,-0.49,-0.55,-0.61
13560,-0.49,-0.56,-0.61
13579,-0.51,-0.56,-0.62
13597,-0.52,-0.56,-0.62
13616,-0.52,-0.56,-0.62
13634,-0.53,-0.56,-0.61
13653,-0.53,-0.55,-0.61
13671,-0.50,-0.56,-0.62
13690,-0.51,-0.56,-0.62
13708,-0.52,-0.56,-0.62
13727,-0.51,-0.56,-0.62
13745,-0.51,-0.57,-0.63
13764,-0.52,-0.56,-0.63
13782,-0.52,-0.56,-0.62
13801,-0.52,-0.56,-0.62
13819,-0.52,-0.56,-0.62
13838,-0.52,-0.56,-0.62
13856,-0.51,-0.56,-0.62
13875,-0.51,-0.56,-0.63
13893,-0.52,-0.56,-0.62
13912,-0.52,-0.56,-0.62
13930,-0.52,-0.56,-0.62
13949,-0.53,-0.56,-0.62
13967,-0.52,-0.56,-0.62
13986,-0.51,-0.56,-0.62
14004,-0.50,-0.56,-0.62
14023,-0.50,-0.56,-0.62
14041,-0.51,-0.56,-0.62
14060,-0.52,-0.56,-0.62
14078,-0.51,-0.56,-0.63
14097,-0.50,-0.56,-0.63
14115,-0.52,-0.56,-0.63
14134,-0.54,-0.56,-0.62
14152,-0.53,-0.56,-0.62
14171,-0.52,-0.56,-0.62
14189,-0.52,-0.56,-0.62
14208,-0.51,-0.56,-0.62
14226,-0.51,-0.56,-0.62
14245,-0.52,-0.56,-0.62
14263,-0.51,-0.56,-0.63
14282,-0.50,-0.56,-0.63
14300,-0.52,-0.56,-0.61
14319,-0.52,-0.56,-0.62
14337,-0.51,-0.56,-0.63
14356,-0.52,-0.56,-0.63
14374,-0.54,-0.55,-0.61
14393,-0.54,-0.56,-0.60
14411,-0.49,-0.57,-0.64
14430,-0.47,-0.56,-0.63
14448,-0.50,-0.56,-0.60
14467,-0.53,-0.56,-0.61
14485,-0.53,-0.56,-0.64
14504,-0.51,-0.56,-0.65
14522,-0.49,-0.57,-0.63
14541,-0.52,-0.56,-0.62
14559,-0.52,-0.56,-0.61
14578,-0.50,-0.56,-0.62
14596,-0.50,-0.56,-0.63
14615,-0.52,-0.56,-0.62
14633,-0.53,-0.56,-0.62
14652,-0.52,-0.56,-0.61
14670,-0.51,-0.56,-0.62
14689,-0.50,-0.56,-0.63
14707,-0.52,-0.56,-0.63
14726,-0.53,-0.56,-0.63
14744,-0.52,-0.56,-0.62
14763,-0.51,-0.56,-0.61
14781,-0.51,-0.56,-0.61
14800,-0.52,-0.56,-0.62
14818,-0.52,-0.56,-0.63
14837,-0.51,-0.56,-0.63
14855,-0.50,-0.56,-0.63
14874,-0.51,-0.56,-0.63
14892,-0.51,-0.56,-0.62
14911,-0.52,-0.56,-0.62
14929,-0.52,-0.57,-0.62
14948,-0.52,-0.57,-0.63
14966,-0.52,-0.56,-0.63
14985,-0.50,-0.56,-0.63
15003,-0.51,-0.56,-0.61
15022,-0.52,-0.56,-0.63
15040,-0.50,-0.57,-0.65
15059,-0.51,-0.56,-0.63
15077,-0.51,-0.56,-0.61
15096,-0.52,-0.57,-0.61
15114,-0.52,-0.56,-0.63
15133,-0.50,-0.56,-0.64
15151,-0.49,-0.56,-0.64
15170,-0.50,-0.56,-0.63
15188,-0.51,-0.56,-0.61
15207,-0.50,-0.56,-0.61
15225,-0.49,-0.56,-0.62
15244,-0.50,-0.56,-0.60
15262,-0.51,-0.56,-0.61
15281,-0.51,-0.56,-0.62
15299,-0.51,-0.56,-0.63
15318,-0.52,-0.56,-0.63
15336,-0.52,-0.56,-0.63
15355,-0.51,-0.57,-0.62
15373,-0.51,-0.57,-0.62
15392,-0.51,-0.57,-0.62
15410,-0.51,-0.57,-0.63
15429,-0.51,-0.56,-0.63
15447,-0.50,-0.57,-0.63
15466,-0.51,-0.56,-0.62
15484,-0.52,-0.56,-0.62
15503,-0.52,-0.56,-0.63
15521,-0.51,-0.55,-0.64
15540,-0.50,-0.56,-0.64
15558,-0.51,-0.56,-0.62
15577,-0.53,-0.56,-0.61
15595,-0.52,-0.55,-0.62
15614,-0.50,-0.56,-0.62
15632,-0.50,-0.56,-0.62
15651,-0.51,-0.56,-0.61
15669,-0.51,-0.56,-0.62
15688,-0.50,-0.57,-0.63
15706,-0.51,-0.56,-0.63
15725,-0.51,-0.56,-0.63
15743,-0.51,-0.57,-0.62
15762,-0.51,-0.57,-0.61
15780,-0.51,-0.56,-0.62
15799,-0.50,-0.57,-0.63
15817,-0.51,-0.56,-0.64
15836,-0.52,-0.56,-0.63
15854,-0.51,-0.56,-0.62
15873,-0.51,-0.56,-0.63
15891,-0.51,-0.56,-0.63
15910,-0.51,-0.56,-0.62
15928,-0.51,-0.56,-0.62
15947,-0.50,-0.56,-0.61
15965,-0.50,-0.56,-0.61
15984,-0.52,-0.56,-0.61
16002,-0.52,-0.56,-0.62
16021,-0.51,-0.56,-0.63
16039,-0.52,-0.56,-0.62
16058,-0.52,-0.56,-0.62
16076,-0.52,-0.56,-0.62
16095,-0.51,-0.56,-0.63
16113,-0.50,-0.56,-0.64
16132,-0.50,-0.57,-0.63
16150,-0.52,-0.57,-0.61
16169,-0.52,-0.56,-0.61
16187,-0.50,-0.56,-0.63
16206,-0.50,-0.56,-0.63
16224,-0.51,-0.56,-0.62
16243,-0.52,-0.56,-0.62
16261,-0.51,-0.56,-0.62
16280,-0.50,-0.55,-0.62
16298,-0.49,-0.56,-0.63
16317,-0.51,-0.57,-0.62
16335,-0.53,-0.56,-0.62
16354,-0.52,-0.56,-0.62
16372,-0.51,-0.56,-0.63
16391,-0.52,-0.56,-0.62
16409,-0.52,-0.56,-0.61
16428,-0.51,-0.56,-0.61
16446,-0.50,-0.56,-0.62
16465,-0.51,-0.56,-0.62
16483,-0.51,-0.56,-0.63
16502,-0.51,-0.56,-0.64
16520,-0.50,-0.57,-0.61
16539,-0.52,-0.56,-0.61
16557,-0.52,-0.56,-0.62
16576,-0.51,-0.56,-0.63
16594,-0.51,-0.56,-0.63
16613,-0.51,-0.57,-0.62
16631,-0.52,-0.57,-0.61
16650,-0.52,-0.56,-0.61
16668,-0.50,-0.56,-0.62
16687,-0.50,-0.56,-0.62
16705,-0.51,-0.56,-0.62
16724,-0.51,-0.57,-0.63
16742,-0.52,-0.57,-0.64
16761,-0.55,-0.57,-0.63
16779,-0.55,-0.57,-0.62
16798,-0.54,-0.57,-0.62
16816,-0.53,-0.56,-0.62
16835,-0.50,-0.56,-0.62
16853,-0.47,-0.56,-0.61
16872,-0.48,-0.57,-0.62
16890,-0.51,-0.56,-0.63
16909,-0.52,-0.56,-0.63
16927,-0.51,-0.56,-0.61
16946,-0.50,-0.56,-0.60
16964,-0.51,-0.56,-0.59
16983,-0.52,-0.56,-0.61
17001,-0.53,-0.56,-0.62
17020,-0.52,-0.57,-0.62
17038,-0.52,-0.56,-0.62
17057,-0.51,-0.56,-0.63
17075,-0.51,-0.56,-0.63
17094,-0.52,-0.57,-0.62
17112,-0.52,-0.57,-0.62
17131,-0.51,-0.57,-0.62
17149,-0.52,-0.57,-0.62
17168,-0.52,-0.56,-0.61
17186,-0.51,-0.56,-0.62
17205,-0.51,-0.56,-0.62
17223,-0.51,-0.56,-0.61
17242,-0.52,-0.56,-0.61
17260,-0.52,-0.56,-0.62
17279,-0.52,-0.56,-0.63
17297,-0.53,-0.57,-0.62
17316,-0.53,-0.56,-0.62
17334,-0.51,-0.56,-0.61
17353,-0.49,-0.57,-0.61
17371,-0.50,-0.56,-0.61
17390,-0.50,-0.57,-0.62
17408,-0.51,-0.57,-0.63
17427,-0.53,-0.57,-0.63
17445,-0.53,-0.57,-0.63
17464,-0.51,-0.57,-0.62
17482,-0.51,-0.57,-0.62
17501,-0.51,-0.56,-0.62
17519,-0.51,-0.56,-0.63
17538,-0.51,-0.56,-0.63
17556,-0.52,-0.57,-0.62
17575,-0.53,-0.56,-0.61
17593,-0.51,-0.56,-0.61
17612,-0.50,-0.56,-0.61
17630,-0.51,-0.56,-0.62
17649,-0.51,-0.56,-0.63
17667,-0.51,-0.56,-0.63
17686,-0.52,-0.57,-0.62
17704,-0.53,-0.56,-0.61
17723,-0.52,-0.57,-0.60
17741,-0.51,-0.57,-0.61
17760,-0.52,-0.57,-0.62
17778,-0.52,-0.57,-0.62
17797,-0.51,-0.57,-0.62
17815,-0.50,-0.56,-0.62
17834,-0.49,-0.57,-0.63
17852,-0.51,-0.57,-0.62
17871,-0.53,-0.57,-0.61
17889,-0.52,-0.57,-0.61
17908,-0.52,-0.57,-0.62
17926,-0.52,-0.57,-0.62
17945,-0.52,-0.57,-0.62
17963,-0.52,-0.56,-0.61
17982,-0.50,-0.56,-0.61
18000,-0.50,-0.57,-0.61
18019,-0.51,-0.57,-0.62
18037,-0.53,-0.56,-0.62
18056,-0.53,-0.57,-0.62
18074,-0.53,-0.57,-0.61
18093,-0.52,-0.56,-0.60
18111,-0.51,-0.56,-0.61
18130,-0.51,-0.56,-0.61
18148,-0.51,-0.56,-0.62
18167,-0.51,-0.56,-0.62
18185,-0.50,-0.57,-0.62
18204,-0.51,-0.56,-0.62
18222,-0.51,-0.56,-0.62
18241,-0.51,-0.57,-0.61
18259,-0.52,-0.57,-0.61
18278,-0.52,-0.57,-0.62
18296,-0.51,-0.57,-0.62
18315,-0.51,-0.57,-0.61
18333,-0.51,-0.56,-0.61
18352,-0.51,-0.57,-0.61
18370,-0.53,-0.56,-0.62
18389,-0.53,-0.56,-0.63
18407,-0.53,-0.57,-0.64
18426,-0.55,-0.56,-0.64
18444,-0.54,-0.56,-0.63
18463,-0.51,-0.57,-0.62
18481,-0.49,-0.56,-0.61
18500,-0.48,-0.56,-0.60
18518,-0.48,-0.56,-0.60
18537,-0.49,-0.56,-0.60
18555,-0.51,-0.56,-0.60
18574,-0.53,-0.55,-0.61
18592,-0.51,-0.56,-0.63
18611,-0.52,-0.56,-0.63
18629,-0.54,-0.56,-0.61
18648,-0.53,-0.56,-0.61
18666,-0.51,-0.56,-0.61
18685,-0.51,-0.57,-0.62
18703,-0.52,-0.56,-0.62
18722,-0.52,-0.57,-0.63
18740,-0.52,-0.56,-0.64
18759,-0.50,-0.57,-0.64
18777,-0.51,-0.57,-0.62
18796,-0.53,-0.56,-0.61
18814,-0.52,-0.56,-0.61
18833,-0.50,-0.56,-0.62
18851,-0.51,-0.56,-0.61
18870,-0.52,-0.56,-0.62
18888,-0.52,-0.56,-0.63
18907,-0.52,-0.56,-0.63
18925,-0.52,-0.56,-0.63
18944,-0.52,-0.57,-0.62
18962,-0.52,-0.56,-0.61
18981,-0.51,-0.56,-0.61
18999,-0.50,-0.57,-0.62
19018,-0.50,-0.56,-0.62
19036,-0.51,-0.56,-0.62
19055,-0.51,-0.56,-0.62
19073,-0.51,-0.57,-0.62
19092,-0.53,-0.56,-0.62
19110,-0.54,-0.56,-0.62
19129,-0.53,-0.56,-0.62
19147,-0.52,-0.56,-0.62
19166,-0.51,-0.56,-0.62
19184,-0.51,-0.56,-0.62
19203,-0.52,-0.55,-0.62
19221,-0.51,-0.56,-0.62
19240,-0.51,-0.57,-0.61
19258,-0.52,-0.56,-0.61
19277,-0.52,-0.56,-0.62
19295,-0.52,-0.56,-0.62
19314,-0.52,-0.56,-0.62
19332,-0.52,-0.56,-0.61
19351,-0.51,-0.56,-0.62
19369,-0.51,-0.57,-0.62
19388,-0.52,-0.56,-0.62
19406,-0.51,-0.56,-0.61
19425,-0.51,-0.56,-0.62
19443,-0.52,-0.56,-0.62
19462,-0.52,-0.56,-0.62
19480,-0.52,-0.56,-0.62
19499,-0.51,-0.56,-0.61
19517,-0.51,-0.56,-0.62
19536,-0.51,-0.56,-0.62
19554,-0.52,-0.56,-0.62
19573,-0.53,-0.56,-0.61
19591,-0.51,-0.56,-0.62
19610,-0.51,-0.56,-0.62
19628,-0.52,-0.56,-0.61
19647,-0.53,-0.56,-0.61
19665,-0.53,-0.56,-0.61
19684,-0.52,-0.56,-0.62
19702,-0.51,-0.56,-0.62
19721,-0.51,-0.56,-0.61
19739,-0.51,-0.56,-0.62
19758,-0.51,-0.56,-0.63
19776,-0.52,-0.56,-0.62
19795,-0.53,-0.56,-0.61
19813,-0.52,-0.56,-0.61
19832,-0.51,-0.57,-0.62
19850,-0.52,-0.56,-0.62
19869,-0.51,-0.56,-0.62
19887,-0.50,-0.57,-0.62
19906,-0.51,-0.56,-0.62
19924,-0.52,-0.56,-0.62
19943,-0.50,-0.56,-0.61
19961,-0.50,-0.56,-0.61
19980,-0.53,-0.56,-0.62
19998,-0.54,-0.57,-0.63
20017,-0.54,-0.57,-0.63
20035,-0.55,-0.56,-0.63
20054,-0.53,-0.56,-0.63
20072,-0.51,-0.56,-0.61
20091,-0.50,-0.56,-0.61
20109,-0.49,-0.56,-0.62
20128,-0.49,-0.56,-0.62
20146,-0.50,-0.56,-0.61
20165,-0.52,-0.56,-0.61
20183,-0.52,-0.56,-0.61
20202,-0.52,-0.56,-0.62
20220,-0.54,-0.56,-0.61
20239,-0.53,-0.56,-0.61
20257,-0.49,-0.56,-0.62
20276,-0.49,-0.57,-0.62
20294,-0.53,-0.57,-0.61
20313,-0.56,-0.57,-0.62
20331,-0.54,-0.56,-0.63
20350,-0.50,-0.56,-0.62
20368,-0.48,-0.57,-0.61
20387,-0.52,-0.57,-0.62
20405,-0.54,-0.56,-0.64
20424,-0.53,-0.56,-0.64
20442,-0.51,-0.56,-0.61
20461,-0.51,-0.57,-0.60
20479,-0.53,-0.56,-0.60
20498,-0.53,-0.55,-0.61
20516,-0.50,-0.56,-0.62
20535,-0.51,-0.56,-0.62
20553,-0.53,-0.56,-0.61
20572,-0.52,-0.56,-0.61
20590,-0.50,-0.56,-0.62
20609,-0.50,-0.56,-0.62
20627,-0.51,-0.56,-0.62
20646,-0.53,-0.56,-0.62
20664,-0.53,-0.56,-0.63
20683,-0.52,-0.56,-0.63
20701,-0.52,-0.56,-0.62
20720,-0.52,-0.56,-0.61
20738,-0.52,-0.56,-0.61
20757,-0.52,-0.57,-0.62
20775,-0.52,-0.56,-0.62
20794,-0.52,-0.55,-0.64
20812,-0.51,-0.57,-0.63
20831,-0.51,-0.57,-0.59
20849,-0.52,-0.56,-0.60
20868,-0.51,-0.56,-0.62
20886,-0.51,-0.56,-0.63
20905,-0.53,-0.56,-0.62
20923,-0.53,-0.56,-0.61
20942,-0.51,-0.56,-0.62
20960,-0.50,-0.56,-0.61
20979,-0.52,-0.56,-0.61
20997,-0.52,-0.57,-0.62
21016,-0.53,-0.57,-0.63
21034,-0.53,-0.56,-0.63
21053,-0.52,-0.56,-0.63
21071,-0.51,-0.56,-0.61
21090,-0.51,-0.56,-0.60
21108,-0.51,-0.55,-0.61
21127,-0.50,-0.56,-0.62
21145,-0.51,-0.56,-0.62
21164,-0.53,-0.56,-0.61
21182,-0.54,-0.56,-0.61
21201,-0.53,-0.56,-0.62
21219,-0.51,-0.56,-0.62
21238,-0.51,-0.56,-0.62
21256,-0.51,-0.56,-0.62
21275,-0.51,-0.56,-0.62
21293,-0.51,-0.57,-0.63
21312,-0.53,-0.57,-0.63
21330,-0.53,-0.56,-0.61
21349,-0.52,-0.56,-0.61
21367,-0.51,-0.56,-0.61
21386,-0.51,-0.56,-0.61
21404,-0.51,-0.56,-0.61
21423,-0.52,-0.56,-0.61
21441,-0.52,-0.56,-0.62
21460,-0.52,-0.57,-0.62
21478,-0.53,-0.56,-0.61
21497,-0.53,-0.56,-0.61
21515,-0.50,-0.57,-0.61
21534,-0.51,-0.57,-0.62
21552,-0.52,-0.56,-0.63
21571,-0.51,-0.56,-0.63
21589,-0.51,-0.57,-0.62
21608,-0.52,-0.57,-0.61
21626,-0.54,-0.56,-0.62
21645,-0.54,-0.56,-0.63
21663,-0.53,-0.57,-0.63
21682,-0.53,-0.56,-0.63
21700,-0.52,-0.56,-0.62
21719,-0.50,-0.56,-0.62
21737,-0.50,-0.56,-0.61
21756,-0.50,-0.56,-0.60
21774,-0.50,-0.56,-0.60
21793,-0.51,-0.56,-0.60
21811,-0.52,-0.56,-0.61
21830,-0.53,-0.56,-0.61
21848,-0.52,-0.56,-0.61
21867,-0.53,-0.56,-0.61
21885,-0.53,-0.56,-0.61
21904,-0.51,-0.56,-0.62
21922,-0.50,-0.57,-0.62
21941,-0.52,-0.57,-0.62
21959,-0.53,-0.57,-0.62
21978,-0.51,-0.57,-0.62
21996,-0.51,-0.57,-0.62
22015,-0.52,-0.56,-0.63
22033,-0.52,-0.56,-0.63
22052,-0.52,-0.56,-0.62
22070,-0.52,-0.56,-0.62
22089,-0.51,-0.56,-0.62
22107,-0.51,-0.56,-0.61
22126,-0.52,-0.56,-0.61
22144,-0.52,-0.56,-0.61
22163,-0.52,-0.56,-0.61
22181,-0.53,-0.56,-0.62
22200,-0.53,-0.56,-0.61
22218,-0.52,-0.56,-0.61
22237,-0.51,-0.56,-0.61
22255,-0.50,-0.57,-0.62
22274,-0.52,-0.57,-0.61
22292,-0.52,-0.56,-0.62
22311,-0.51,-0.57,-0.62
22329,-0.51,-0.57,-0.62
22348,-0.53,-0.57,-0.61
22366,-0.52,-0.56,-0.62
22385,-0.50,-0.57,-0.63
22403,-0.53,-0.56,-0.61
22422,-0.54,-0.56,-0.62
22440,-0.52,-0.56,-0.62
22459,-0.51,-0.56,-0.62
22477,-0.51,-0.56,-0.61
22496,-0.51,-0.56,-0.61
22514,-0.51,-0.56,-0.61
22533,-0.51,-0.56,-0.61
22551,-0.52,-0.57,-0.61
22570,-0.53,-0.57,-0.61
22588,-0.53,-0.56,-0.62
22607,-0.52,-0.56,-0.62
22625,-0.52,-0.56,-0.61
22644,-0.52,-0.56,-0.61
22662,-0.52,-0.56,-0.61
22681,-0.51,-0.56,-0.62
22699,-0.52,-0.57,-0.62
22718,-0.52,-0.57,-0.62
22736,-0.52,-0.56,-0.61
22755,-0.51,-0.56,-0.61
22773,-0.51,-0.57,-0.61
22792,-0.52,-0.57,-0.62
22810,-0.53,-0.56,-0.62
22829,-0.52,-0.56,-0.62
22847,-0.50,-0.57,-0.62
22866,-0.52,-0.56,-0.61
22884,-0.53,-0.56,-0.61
22903,-0.52,-0.57,-0.61
22921,-0.51,-0.56,-0.62
22940,-0.52,-0.56,-0.61
22958,-0.53,-0.56,-0.61
22977,-0.53,-0.56,-0.61
22995,-0.52,-0.56,-0.62
23014,-0.51,-0.56,-0.62
23032,-0.51,-0.56,-0.61
23051,-0.52,-0.56,-0.61
23069,-0.51,-0.56,-0.61
23088,-0.52,-0.57,-0.61
23106,-0.52,-0.57,-0.62
23125,-0.52,-0.57,-0.62
23143,-0.51,-0.57,-0.62
23162,-0.50,-0.57,-0.61
23180,-0.51,-0.57,-0.61
23199,-0.52,-0.57,-0.61
23217,-0.52,-0.57,-0.62
23236,-0.53,-0.57,-0.62
23254,-0.54,-0.57,-0.62
23273,-0.55,-0.57,-0.62
23291,-0.54,-0.57,-0.62
23310,-0.53,-0.57,-0.62
23328,-0.52,-0.56,-0.61
23347,-0.50,-0.56,-0.61
23365,-0.49,-0.57,-0.61
23384,-0.50,-0.56,-0.61
23402,-0.51,-0.56,-0.60
23421,-0.51,-0.57,-0.60
23439,-0.51,-0.56,-0.60
23458,-0.52,-0.56,-0.61
23476,-0.52,-0.57,-0.61
23495,-0.53,-0.57,-0.61
23513,-0.53,-0.56,-0.61
23532,-0.51,-0.57,-0.62
23550,-0.52,-0.57,-0.62
23569,-0.53,-0.57,-0.61
23587,-0.52,-0.57,-0.62
23606,-0.51,-0.57,-0.62
23624,-0.50,-0.57,-0.62
23643,-0.52,-0.57,-0.62
23661,-0.53,-0.57,-0.61
23680,-0.52,-0.57,-0.61
23698,-0.51,-0.57,-0.61
23717,-0.51,-0.57,-0.61
23735,-0.52,-0.56,-0.61
23754,-0.53,-0.56,-0.61
23772,-0.52,-0.56,-0.61
23791,-0.52,-0.57,-0.61
23809,-0.52,-0.56,-0.61
23828,-0.52,-0.57,-0.61
23846,-0.51,-0.57,-0.61
23865,-0.51,-0.57,-0.61
23883,-0.51,-0.57,-0.61
23902,-0.52,-0.57,-0.62
23920,-0.52,-0.57,-0.63
23939,-0.52,-0.57,-0.62
23957,-0.51,-0.57,-0.61
23976,-0.51,-0.57,-0.61
23994,-0.52,-0.57,-0.61
24013,-0.53,-0.57,-0.61
24031,-0.53,-0.57,-0.62
24050,-0.52,-0.57,-0.62
24068,-0.52,-0.57,-0.62
24087,-0.51,-0.57,-0.62
24105,-0.52,-0.56,-0.61
24124,-0.51,-0.57,-0.60
24142,-0.51,-0.57,-0.61
24161,-0.51,-0.57,-0.61
24179,-0.52,-0.57,-0.61
24198,-0.52,-0.57,-0.61
24216,-0.52,-0.57,-0.60
24235,-0.52,-0.57,-0.61
24253,-0.52,-0.57,-0.61
24272,-0.52,-0.57,-0.62
24290,-0.51,-0.57,-0.62
24309,-0.51,-0.57,-0.61
24327,-0.51,-0.57,-0.61
24346,-0.52,-0.57,-0.61
24364,-0.52,-0.57,-0.62
24383,-0.51,-0.57,-0.62
24401,-0.51,-0.57,-0.61
24420,-0.52,-0.57,-0.61
24438,-0.52,-0.57,-0.62
24457,-0.51,-0.57,-0.62
24475,-0.51,-0.57,-0.61
24494,-0.53,-0.57,-0.60
24512,-0.53,-0.56,-0.60
24531,-0.51,-0.57,-0.61
24549,-0.51,-0.57,-0.61
24568,-0.53,-0.57,-0.61
24586,-0.53,-0.56,-0.61
24605,-0.52,-0.57,-0.61
24623,-0.52,-0.57,-0.61
24642,-0.52,-0.56,-0.60
24660,-0.52,-0.57,-0.61
24679,-0.52,-0.57,-0.61
24697,-0.52,-0.57,-0.61
24716,-0.51,-0.57,-0.62
24734,-0.52,-0.57,-0.61
24753,-0.52,-0.57,-0.61
24771,-0.51,-0.57,-0.61
24790,-0.50,-0.57,-0.61
24808,-0.51,-0.57,-0.61
24827,-0.52,-0.57,-0.61
24845,-0.53,-0.57,-0.62
24864,-0.54,-0.57,-0.61
24882,-0.55,-0.57,-0.62
24901,-0.53,-0.57,-0.62
24919,-0.52,-0.57,-0.62
24938,-0.51,-0.57,-0.61
24956,-0.49,-0.57,-0.61
24975,-0.49,-0.57,-0.61
24993,-0.49,-0.56,-0.60
25012,-0.50,-0.57,-0.60
25030,-0.52,-0.57,-0.59
25049,-0.53,-0.57,-0.60
25067,-0.53,-0.56,-0.61
25086,-0.52,-0.56,-0.62
25104,-0.52,-0.57,-0.61
25123,-0.53,-0.57,-0.60
25141,-0.53,-0.57,-0.61
25160,-0.51,-0.57,-0.62
25178,-0.51,-0.57,-0.61
25197,-0.52,-0.57,-0.61
25215,-0.52,-0.57,-0.61
25234,-0.52,-0.57,-0.62
25252,-0.52,-0.57,-0.62
25271,-0.51,-0.57,-0.62
25289,-0.52,-0.57,-0.60
25308,-0.53,-0.56,-0.60
25326,-0.52,-0.56,-0.61
25345,-0.52,-0.57,-0.61
25363,-0.53,-0.57,-0.61
25382,-0.53,-0.57,-0.61
25400,-0.52,-0.57,-0.61
25419,-0.51,-0.57,-0.62
25437,-0.50,-0.57,-0.62
25456,-0.51,-0.57,-0.62
25474,-0.51,-0.57,-0.61
25493,-0.51,-0.57,-0.61
25511,-0.51,-0.57,-0.61
25530,-0.52,-0.57,-0.61
25548,-0.53,-0.57,-0.61
25567,-0.53,-0.57,-0.62
25585,-0.52,-0.56,-0.62
25604,-0.51,-0.57,-0.62
25622,-0.53,-0.57,-0.61
25641,-0.53,-0.56,-0.61
25659,-0.51,-0.56,-0.61
25678,-0.51,-0.57,-0.61
25696,-0.52,-0.56,-0.61
25715,-0.52,-0.56,-0.62
25733,-0.51,-0.57,-0.62
25752,-0.51,-0.57,-0.62
25770,-0.52,-0.57,-0.60
25789,-0.53,-0.57,-0.60
25807,-0.52,-0.57,-0.61
25826,-0.51,-0.57,-0.62
25844,-0.52,-0.57,-0.62
25863,-0.52,-0.57,-0.61
25881,-0.53,-0.57,-0.61
25900,-0.52,-0.56,-0.62
25918,-0.51,-0.57,-0.62
25937,-0.51,-0.57,-0.62
25955,-0.52,-0.57,-0.61
25974,-0.53,-0.56,-0.61
25992,-0.52,-0.56,-0.62
26011,-0.51,-0.57,-0.61
26029,-0.52,-0.57,-0.61
26048,-0.53,-0.57,-0.61
26066,-0.52,-0.57,-0.61
26085,-0.52,-0.57,-0.61
26103,-0.51,-0.57,-0.60
26122,-0.51,-0.57,-0.61
26140,-0.52,-0.56,-0.61
26159,-0.52,-0.57,-0.61
26177,-0.52,-0.57,-0.61
26196,-0.52,-0.57,-0.61
26214,-0.52,-0.56,-0.61
26233,-0.51,-0.57,-0.61
26251,-0.51,-0.56,-0.61
26270,-0.51,-0.57,-0.61
26288,-0.52,-0.56,-0.62
26307,-0.52,-0.57,-0.63
26325,-0.52,-0.56,-0.61
26344,-0.51,-0.56,-0.57
26362,-0.49,-0.58,-0.58
26381,-0.50,-0.57,-0.60
26399,-0.53,-0.57,-0.63
26418,-0.53,-0.56,-0.65
26436,-0.53,-0.56,-0.65
26455,-0.53,-0.56,-0.62
26473,-0.53,-0.56,-0.60
26492,-0.53,-0.56,-0.63
26510,-0.54,-0.56,-0.65
26529,-0.53,-0.56,-0.65
26547,-0.52,-0.56,-0.62
26566,-0.50,-0.56,-0.61
26584,-0.49,-0.56,-0.62
26603,-0.50,-0.57,-0.63
26621,-0.52,-0.57,-0.63
26640,-0.54,-0.56,-0.61
26658,-0.51,-0.57,-0.60
26677,-0.50,-0.57,-0.60
26695,-0.53,-0.56,-0.60
26714,-0.53,-0.56,-0.61
26732,-0.51,-0.57,-0.61
26751,-0.51,-0.56,-0.61
26769,-0.52,-0.57,-0.62
26788,-0.53,-0.57,-0.62
26806,-0.54,-0.57,-0.62
26825,-0.53,-0.57,-0.62
26843,-0.51,-0.57,-0.62
26862,-0.52,-0.57,-0.62
26880,-0.53,-0.57,-0.61
26899,-0.52,-0.57,-0.61
26917,-0.51,-0.57,-0.62
26936,-0.51,-0.57,-0.62
26954,-0.52,-0.56,-0.61
26973,-0.52,-0.56,-0.60
26991,-0.52,-0.56,-0.60
27010,-0.52,-0.56,-0.60
27028,-0.52,-0.57,-0.60
27047,-0.53,-0.56,-0.61
27065,-0.52,-0.56,-0.61
27084,-0.51,-0.57,-0.60
27102,-0.51,-0.57,-0.60
27121,-0.51,-0.57,-0.61
27139,-0.51,-0.57,-0.61
27158,-0.52,-0.57,-0.61
27176,-0.52,-0.57,-0.62
27195,-0.51,-0.57,-0.62
27213,-0.52,-0.57,-0.61
27232,-0.52,-0.57,-0.60
27250,-0.51,-0.57,-0.60
27269,-0.51,-0.57,-0.61
27287,-0.53,-0.56,-0.61
27306,-0.53,-0.56,-0.60
27324,-0.51,-0.57,-0.60
27343,-0.52,-0.57,-0.61
27361,-0.53,-0.57,-0.61
27380,-0.52,-0.57,-0.62
27398,-0.52,-0.57,-0.62
27417,-0.52,-0.57,-0.61
27435,-0.52,-0.57,-0.60
27454,-0.52,-0.57,-0.60
27472,-0.51,-0.57,-0.61
27491,-0.52,-0.57,-0.61
27509,-0.52,-0.57,-0.61
27528,-0.52,-0.57,-0.61
27546,-0.52,-0.57,-0.61
27565,-0.52,-0.57,-0.61
27583,-0.53,-0.57,-0.60
27602,-0.52,-0.57,-0.60
27620,-0.52,-0.57,-0.61
27639,-0.52,-0.57,-0.61
27657,-0.52,-0.57,-0.62
27676,-0.52,-0.57,-0.62
27694,-0.52,-0.57,-0.61
27713,-0.53,-0.57,-0.59
27731,-0.52,-0.57,-0.59
27750,-0.51,-0.57,-0.60
27768,-0.51,-0.57,-0.60
27787,-0.52,-0.57,-0.60
27805,-0.53,-0.57,-0.61
27824,-0.53,-0.57,-0.61
27842,-0.51,-0.57,-0.62
27861,-0.52,-0.57,-0.61
27879,-0.54,-0.57,-0.61
27898,-0.52,-0.57,-0.61
27916,-0.50,-0.57,-0.61
27935,-0.51,-0.57,-0.60
27953,-0.53,-0.57,-0.60
27972,-0.52,-0.57,-0.62
27990,-0.52,-0.57,-0.62
28009,-0.52,-0.58,-0.61
28027,-0.52,-0.57,-0.60
28046,-0.50,-0.57,-0.61
28064,-0.50,-0.57,-0.61
28083,-0.53,-0.57,-0.61
28101,-0.54,-0.57,-0.61
28120,-0.53,-0.58,-0.61
28138,-0.54,-0.57,-0.61
28157,-0.54,-0.57,-0.60
28175,-0.52,-0.57,-0.60
28194,-0.51,-0.57,-0.60
28212,-0.51,-0.57,-0.60
28231,-0.51,-0.57,-0.60
28249,-0.51,-0.57,-0.61
28268,-0.50,-0.57,-0.61
28286,-0.51,-0.57,-0.61
28305,-0.52,-0.57,-0.60
28323,-0.53,-0.57,-0.60
28342,-0.52,-0.58,-0.60
28360,-0.52,-0.57,-0.61
28379,-0.52,-0.57,-0.61
28397,-0.53,-0.57,-0.60
28416,-0.52,-0.57,-0.61
28434,-0.52,-0.57,-0.61
28453,-0.52,-0.57,-0.61
28471,-0.52,-0.57,-0.60
28490,-0.51,-0.57,-0.60
28508,-0.52,-0.57,-0.60
28527,-0.52,-0.57,-0.61
28545,-0.51,-0.57,-0.61
28564,-0.51,-0.57,-0.60
28582,-0.52,-0.57,-0.60
28601,-0.52,-0.57,-0.60
28619,-0.52,-0.57,-0.60
28638,-0.53,-0.57,-0.61
28656,-0.53,-0.57,-0.61
28675,-0.53,-0.57,-0.61
28693,-0.53,-0.57,-0.61
28712,-0.52,-0.57,-0.61
28730,-0.51,-0.58,-0.61
28749,-0.51,-0.58,-0.61
28767,-0.51,-0.57,-0.61
28786,-0.52,-0.57,-0.61
28804,-0.51,-0.58,-0.60
28823,-0.52,-0.58,-0.61
28841,-0.53,-0.57,-0.61
28860,-0.53,-0.57,-0.61
28878,-0.52,-0.57,-0.60
28897,-0.53,-0.57,-0.60
28915,-0.53,-0.57,-0.61
28934,-0.52,-0.57,-0.60
28952,-0.50,-0.57,-0.60
28971,-0.51,-0.57,-0.60
28989,-0.52,-0.57,-0.60
29008,-0.52,-0.57,-0.61
29026,-0.51,-0.57,-0.61
29045,-0.51,-0.57,-0.60
29063,-0.53,-0.57,-0.60
29082,-0.52,-0.57,-0.61
29100,-0.52,-0.57,-0.61
29119,-0.53,-0.57,-0.61
29137,-0.53,-0.57,-0.60
29156,-0.52,-0.57,-0.60
29174,-0.51,-0.57,-0.61
29193,-0.52,-0.57,-0.61
29211,-0.52,-0.57,-0.61
29230,-0.51,-0.57,-0.61
29248,-0.50,-0.57,-0.61
29267,-0.51,-0.57,-0.61
29285,-0.53,-0.57,-0.60
29304,-0.53,-0.57,-0.60
29322,-0.52,-0.58,-0.61
29341,-0.52,-0.57,-0.61
29359,-0.53,-0.57,-0.61
29378,-0.52,-0.57,-0.60
29396,-0.51,-0.57,-0.60
29415,-0.52,-0.57,-0.60
29433,-0.53,-0.57,-0.60
29452,-0.53,-0.57,-0.60
29470,-0.52,-0.57,-0.61
29489,-0.51,-0.57,-0.61
29507,-0.52,-0.57,-0.61
29526,-0.53,-0.57,-0.61
29544,-0.51,-0.57,-0.61
29563,-0.50,-0.58,-0.61
29581,-0.52,-0.57,-0.60
29600,-0.53,-0.57,-0.60
29618,-0.51,-0.57,-0.60
29637,-0.51,-0.57,-0.60
29655,-0.52,-0.57,-0.60
29674,-0.52,-0.57,-0.61
29692,-0.51,-0.57,-0.61
29711,-0.51,-0.57,-0.61
29729,-0.52,-0.57,-0.61
29748,-0.53,-0.58,-0.62
29766,-0.53,-0.57,-0.61
29785,-0.53,-0.58,-0.61
29803,-0.53,-0.57,-0.61
29822,-0.53,-0.57,-0.61
29840,-0.53,-0.57,-0.61
29859,-0.53,-0.57,-0.61
29877,-0.51,-0.57,-0.61
29896,-0.50,-0.57,-0.62
29914,-0.49,-0.57,-0.61
29933,-0.50,-0.57,-0.60
29951,-0.51,-0.57,-0.60
29970,-0.51,-0.57,-0.60
29988,-0.52,-0.58,-0.60
30007,-0.53,-0.57,-0.60
30025,-0.52,-0.57,-0.61
30044,-0.52,-0.58,-0.61
30062,-0.53,-0.57,-0.61
30081,-0.51,-0.57,-0.61
30099,-0.51,-0.58,-0.61
30118,-0.52,-0.57,-0.60
30136,-0.52,-0.57,-0.61
30155,-0.52,-0.58,-0.61
30173,-0.52,-0.57,-0.61
30192,-0.52,-0.57,-0.61
30210,-0.52,-0.57,-0.60
30229,-0.51,-0.57,-0.60
30247,-0.51,-0.57,-0.60
30266,-0.51,-0.57,-0.60
30284,-0.52,-0.57,-0.60
30303,-0.51,-0.57,-0.60
30321,-0.53,-0.57,-0.60
30340,-0.53,-0.57,-0.60
30358,-0.53,-0.57,-0.61
30377,-0.52,-0.58,-0.61
30395,-0.52,-0.57,-0.61
30414,-0.51,-0.58,-0.62
30432,-0.51,-0.58,-0.61
30451,-0.51,-0.58,-0.62
30469,-0.51,-0.58,-0.63
30488,-0.52,-0.58,-0.62
30506,-0.52,-0.57,-0.61
30525,-0.51,-0.58,-0.61
30543,-0.52,-0.57,-0.61
30562,-0.53,-0.57,-0.61
30580,-0.52,-0.57,-0.61
30599,-0.52,-0.57,-0.61
30617,-0.52,-0.57,-0.61
30636,-0.52,-0.57,-0.60
30654,-0.51,-0.57,-0.60
30673,-0.51,-0.57,-0.59
30691,-0.52,-0.57,-0.59
30710,-0.52,-0.57,-0.60
30728,-0.52,-0.57,-0.60
30747,-0.52,-0.57,-0.60
30765,-0.51,-0.57,-0.61
30784,-0.49,-0.57,-0.62
30802,-0.50,-0.58,-0.62
30821,-0.54,-0.57,-0.61
30839,-0.55,-0.58,-0.61
30858,-0.53,-0.58,-0.61
30876,-0.51,-0.58,-0.61
30895,-0.51,-0.58,-0.61
30913,-0.53,-0.57,-0.62
30932,-0.54,-0.57,-0.61
30950,-0.52,-0.57,-0.60
30969,-0.51,-0.57,-0.60
30987,-0.51,-0.57,-0.60
31006,-0.52,-0.57,-0.60
31024,-0.52,-0.57,-0.61
31043,-0.51,-0.57,-0.61
31061,-0.51,-0.57,-0.61
31080,-0.52,-0.57,-0.60
31098,-0.51,-0.57,-0.60
31117,-0.51,-0.57,-0.61
31135,-0.53,-0.57,-0.60
31154,-0.52,-0.57,-0.60
31172,-0.52,-0.57,-0.60
31191,-0.51,-0.57,-0.60
31209,-0.51,-0.57,-0.61
31228,-0.51,-0.57,-0.61
31246,-0.53,-0.57,-0.62
31265,-0.53,-0.57,-0.62
31283,-0.51,-0.57,-0.62
31302,-0.51,-0.57,-0.61
31320,-0.52,-0.57,-0.61
31339,-0.52,-0.57,-0.60
31357,-0.53,-0.57,-0.60
31376,-0.53,-0.57,-0.60
31394,-0.51,-0.57,-0.61
31413,-0.51,-0.58,-0.61
31431,-0.52,-0.57,-0.61
31450,-0.51,-0.57,-0.61
31468,-0.51,-0.57,-0.61
31487,-0.53,-0.57,-0.61
31505,-0.54,-0.58,-0.61
31524,-0.53,-0.57,-0.61
31542,-0.52,-0.57,-0.61
31561,-0.53,-0.57,-0.61
31579,-0.53,-0.57,-0.61
31598,-0.51,-0.57,-0.60
31616,-0.49,-0.57,-0.59
31635,-0.50,-0.57,-0.59
31653,-0.51,-0.57,-0.59
31672,-0.52,-0.57,-0.60
31690,-0.52,-0.57,-0.62
31709,-0.53,-0.57,-0.62
31727,-0.54,-0.57,-0.61
31746,-0.53,-0.57,-0.61
31764,-0.52,-0.57,-0.61
31783,-0.51,-0.57,-0.61
31801,-0.51,-0.57,-0.61
31820,-0.51,-0.57,-0.61
31838,-0.51,-0.58,-0.62
31857,-0.53,-0.57,-0.62
31875,-0.53,-0.57,-0.63
31894,-0.53,-0.58,-0.62
31912,-0.52,-0.57,-0.61
31931,-0.52,-0.57,-0.60
31949,-0.51,-0.57,-0.61
31968,-0.51,-0.57,-0.61
31986,-0.52,-0.57,-0.60
32005,-0.52,-0.57,-0.60
32023,-0.52,-0.57,-0.60
32042,-0.52,-0.57,-0.61
32060,-0.52,-0.57,-0.61
32079,-0.51,-0.57,-0.61
32097,-0.51,-0.57,-0.61
32116,-0.52,-0.57,-0.61
32134,-0.52,-0.57,-0.61
32153,-0.51,-0.58,-0.60
32171,-0.52,-0.58,-0.60
32190,-0.52,-0.58,-0.61
32208,-0.52,-0.58,-0.62
32227,-0.52,-0.58,-0.62
32245,-0.52,-0.57,-0.61
32264,-0.52,-0.57,-0.61
32282,-0.53,-0.57,-0.61
32301,-0.52,-0.57,-0.61
32319,-0.52,-0.57,-0.61
32338,-0.52,-0.57,-0.61
32356,-0.51,-0.57,-0.60
32375,-0.51,-0.57,-0.60
32393,-0.52,-0.57,-0.60
32412,-0.52,-0.57,-0.61
32430,-0.52,-0.57,-0.60
32449,-0.51,-0.57,-0.59
32467,-0.51,-0.57,-0.60
32486,-0.52,-0.57,-0.61
32504,-0.53,-0.57,-0.61
32523,-0.52,-0.57,-0.61
32541,-0.52,-0.57,-0.60
32560,-0.52,-0.57,-0.60
32578,-0.52,-0.57,-0.61
32597,-0.52,-0.58,-0.62
32615,-0.52,-0.58,-0.62
32634,-0.52,-0.57,-0.62
32652,-0.51,-0.57,-0.61
32671,-0.50,-0.57,-0.60
32689,-0.52,-0.57,-0.60
32708,-0.52,-0.57,-0.61
32726,-0.52,-0.57,-0.61
32745,-0.52,-0.57,-0.60
32763,-0.52,-0.57,-0.60
32782,-0.52,-0.57,-0.61
32800,-0.51,-0.57,-0.60
32819,-0.52,-0.57,-0.60
32837,-0.53,-0.57,-0.60
32856,-0.53,-0.57,-0.61
32874,-0.52,-0.57,-0.61
32893,-0.51,-0.57,-0.60
32911,-0.51,-0.57,-0.60
32930,-0.51,-0.57,-0.61
32948,-0.51,-0.57,-0.61
32967,-0.51,-0.57,-0.61
32985,-0.52,-0.58,-0.61
33004,-0.52,-0.57,-0.62
33022,-0.52,-0.57,-0.62
33041,-0.52,-0.58,-0.61
33059,-0.52,-0.58,-0.60
33078,-0.53,-0.57,-0.61
33096,-0.52,-0.57,-0.62
33115,-0.51,-0.58,-0.61
33133,-0.51,-0.57,-0.60
33152,-0.51,-0.57,-0.59
33170,-0.51,-0.58,-0.60
33189,-0.53,-0.58,-0.61
33207,-0.54,-0.57,-0.61
33226,-0.54,-0.57,-0.62
33244,-0.53,-0.58,-0.62
33263,-0.53,-0.57,-0.61
33281,-0.52,-0.57,-0.60
33300,-0.51,-0.57,-0.60
33318,-0.49,-0.57,-0.60
33337,-0.49,-0.58,-0.59
33355,-0.51,-0.57,-0.60
33374,-0.51,-0.57,-0.60
33392,-0.52,-0.57,-0.59
33411,-0.52,-0.57,-0.60
33429,-0.52,-0.57,-0.60
33448,-0.53,-0.57,-0.60
33466,-0.52,-0.57,-0.60
33485,-0.52,-0.58,-0.61
33503,-0.52,-0.57,-0.61
33522,-0.52,-0.58,-0.61
33540,-0.52,-0.58,-0.61
33559,-0.52,-0.57,-0.60
33577,-0.51,-0.58,-0.60
33596,-0.51,-0.58,-0.61
33614,-0.52,-0.57,-0.61
33633,-0.52,-0.57,-0.60
33651,-0.51,-0.57,-0.60
33670,-0.52,-0.57,-0.60
33688,-0.53,-0.57,-0.60
33707,-0.53,-0.57,-0.60
33725,-0.53,-0.57,-0.60
33744,-0.53,-0.57,-0.60
33762,-0.51,-0.58,-0.61
33781,-0.50,-0.58,-0.61
33799,-0.51,-0.58,-0.61
33818,-0.52,-0.58,-0.61
33836,-0.51,-0.58,-0.61
33855,-0.52,-0.58,-0.60
33873,-0.53,-0.58,-0.61
33892,-0.53,-0.58,-0.61
33910,-0.53,-0.57,-0.61
33929,-0.52,-0.57,-0.61
33947,-0.52,-0.57,-0.61
33966,-0.52,-0.57,-0.60
33984,-0.52,-0.57,-0.60
34003,-0.52,-0.57,-0.60
34021,-0.53,-0.57,-0.61
34040,-0.52,-0.57,-0.61
34058,-0.51,-0.57,-0.61
34077,-0.51,-0.57,-0.60
34095,-0.52,-0.57,-0.60
34114,-0.52,-0.57,-0.60
34132,-0.53,-0.58,-0.60
34151,-0.52,-0.57,-0.60
34169,-0.52,-0.57,-0.60
34188,-0.52,-0.57,-0.60
34206,-0.52,-0.58,-0.61
34225,-0.52,-0.58,-0.62
34243,-0.53,-0.57,-0.62
34262,-0.52,-0.58,-0.61
34280,-0.52,-0.58,-0.60
34299,-0.51,-0.57,-0.61
34317,-0.51,-0.57,-0.61
34336,-0.52,-0.57,-0.61
34354,-0.51,-0.57,-0.61
34373,-0.52,-0.57,-0.61
34391,-0.52,-0.57,-0.60
34410,-0.52,-0.57,-0.60
34428,-0.52,-0.58,-0.60
34447,-0.53,-0.57,-0.60
34465,-0.53,-0.57,-0.60
34484,-0.52,-0.57,-0.60
34502,-0.52,-0.57,-0.60
34521,-0.53,-0.57,-0.60
34539,-0.53,-0.57,-0.61
34558,-0.51,-0.57,-0.61
34576,-0.52,-0.58,-0.61
34595,-0.53,-0.57,-0.60
34613,-0.51,-0.57,-0.61
34632,-0.51,-0.58,-0.60
34650,-0.52,-0.58,-0.60
34669,-0.52,-0.57,-0.60
34687,-0.52,-0.58,-0.61
34706,-0.52,-0.58,-0.61
34724,-0.51,-0.57,-0.61
34743,-0.51,-0.58,-0.61
34761,-0.53,-0.57,-0.59
34780,-0.53,-0.57,-0.59
34798,-0.51,-0.58,-0.60
34817,-0.53,-0.58,-0.61
34835,-0.55,-0.57,-0.61
34854,-0.54,-0.57,-0.61
34872,-0.53,-0.58,-0.62
34891,-0.53,-0.57,-0.62
34909,-0.52,-0.57,-0.61
34928,-0.50,-0.57,-0.60
34946,-0.50,-0.57,-0.59
34965,-0.50,-0.57,-0.59
34983,-0.50,-0.57,-0.59
35002,-0.51,-0.57,-0.59
35020,-0.51,-0.57,-0.60
35039,-0.52,-0.57,-0.59
35057,-0.53,-0.57,-0.60
35076,-0.53,-0.57,-0.60
35094,-0.53,-0.58,-0.61
35113,-0.53,-0.58,-0.61
35131,-0.52,-0.58,-0.61
35150,-0.51,-0.58,-0.61
35168,-0.51,-0.57,-0.61
35187,-0.51,-0.58,-0.61
35205,-0.52,-0.58,-0.60
35224,-0.52,-0.57,-0.60
35242,-0.52,-0.58,-0.60
35261,-0.52,-0.57,-0.60
35279,-0.52,-0.57,-0.61
35298,-0.51,-0.57,-0.61
35316,-0.53,-0.57,-0.60
35335,-0.54,-0.57,-0.60
35353,-0.53,-0.57,-0.60
35372,-0.53,-0.57,-0.60
35390,-0.52,-0.57,-0.59
35409,-0.51,-0.57,-0.60
35427,-0.50,-0.57,-0.61
35446,-0.51,-0.58,-0.61
35464,-0.52,-0.58,-0.61
35483,-0.52,-0.58,-0.62
35501,-0.52,-0.58,-0.61
35520,-0.52,-0.58,-0.60
35538,-0.52,-0.58,-0.60
35557,-0.52,-0.58,-0.60
35575,-0.53,-0.58,-0.61
35594,-0.52,-0.57,-0.62
35612,-0.52,-0.58,-0.61
35631,-0.53,-0.58,-0.60
35649,-0.53,-0.57,-0.60
35668,-0.52,-0.57,-0.61
35686,-0.52,-0.58,-0.61
35705,-0.53,-0.57,-0.61
35723,-0.51,-0.57,-0.61
35742,-0.51,-0.57,-0.60
35760,-0.52,-0.57,-0.59
35779,-0.53,-0.57,-0.59
35797,-0.52,-0.57,-0.60
35816,-0.51,-0.57,-0.60
35834,-0.52,-0.57,-0.60
35853,-0.52,-0.57,-0.60
35871,-0.52,-0.58,-0.60
35890,-0.52,-0.58,-0.60
35908,-0.52,-0.58,-0.60
35927,-0.52,-0.57,-0.60
35945,-0.52,-0.57,-0.61
35964,-0.52,-0.57,-0.60
35982,-0.52,-0.57,-0.60
36001,-0.52,-0.57,-0.61
36019,-0.52,-0.58,-0.61
36038,-0.52,-0.57,-0.61
36056,-0.51,-0.57,-0.61
36075,-0.51,-0.58,-0.61
36093,-0.53,-0.58,-0.60
36112,-0.53,-0.57,-0.59
36130,-0.52,-0.57,-0.60
36149,-0.52,-0.57,-0.60
36167,-0.52,-0.57,-0.60
36186,-0.51,-0.57,-0.60
36204,-0.51,-0.57,-0.60
36223,-0.51,-0.57,-0.60
36241,-0.51,-0.57,-0.61
36260,-0.52,-0.57,-0.61
36278,-0.53,-0.57,-0.61
36297,-0.54,-0.57,-0.60
36315,-0.53,-0.58,-0.60
36334,-0.53,-0.58,-0.60
36352,-0.53,-0.57,-0.60
36371,-0.52,-0.57,-0.61
36389,-0.51,-0.57,-0.61
36408,-0.51,-0.57,-0.62
36426,-0.51,-0.57,-0.62
36445,-0.53,-0.58,-0.60
36463,-0.56,-0.57,-0.59
36482,-0.55,-0.57,-0.60
36500,-0.53,-0.57,-0.61
36519,-0.53,-0.57,-0.61
36537,-0.53,-0.57,-0.60
36556,-0.52,-0.57,-0.60
36574,-0.50,-0.57,-0.61
36593,-0.49,-0.57,-0.61
36611,-0.51,-0.57,-0.59
36630,-0.51,-0.57,-0.58
36648,-0.51,-0.57,-0.59
36667,-0.53,-0.58,-0.60
36685,-0.53,-0.57,-0.61
36704,-0.52,-0.58,-0.62
36722,-0.53,-0.58,-0.61
36741,-0.53,-0.57,-0.61
36759,-0.52,-0.58,-0.61
36778,-0.51,-0.58,-0.60
36796,-0.52,-0.57,-0.60
36815,-0.51,-0.58,-0.61
36833,-0.51,-0.57,-0.61
36852,-0.51,-0.57,-0.61
36870,-0.51,-0.57,-0.61
36889,-0.51,-0.57,-0.61
36907,-0.52,-0.57,-0.60
36926,-0.54,-0.57,-0.60
36944,-0.54,-0.57,-0.60
36963,-0.54,-0.57,-0.60
36981,-0.53,-0.57,-0.60
37000,-0.53,-0.57,-0.60
37018,-0.52,-0.57,-0.60
37037,-0.51,-0.57,-0.61
37055,-0.51,-0.57,-0.61
37074,-0.52,-0.57,-0.60
37092,-0.53,-0.57,-0.60
37111,-0.52,-0.58,-0.61
37129,-0.52,-0.58,-0.61
37148,-0.52,-0.57,-0.60
37166,-0.52,-0.57,-0.61
37185,-0.51,-0.57,-0.62
37203,-0.52,-0.57,-0.61
37222,-0.53,-0.57,-0.61
37240,-0.53,-0.57,-0.60
37259,-0.54,-0.57,-0.60
37277,-0.53,-0.57,-0.60
37296,-0.51,-0.57,-0.60
37314,-0.52,-0.57,-0.61
37333,-0.52,-0.57,-0.61
37351,-0.51,-0.57,-0.60
37370,-0.51,-0.57,-0.59
37388,-0.52,-0.57,-0.59
37407,-0.52,-0.57,-0.60
37425,-0.51,-0.57,-0.61
37444,-0.52,-0.57,-0.62
37462,-0.54,-0.57,-0.62
37481,-0.53,-0.57,-0.62
37499,-0.53,-0.57,-0.61
37518,-0.53,-0.57,-0.60
37536,-0.52,-0.57,-0.60
37555,-0.52,-0.57,-0.60
37573,-0.52,-0.57,-0.61
37592,-0.51,-0.57,-0.62
37610,-0.52,-0.57,-0.61
37629,-0.54,-0.57,-0.61
37647,-0.53,-0.57,-0.60
37666,-0.52,-0.57,-0.60
37684,-0.52,-0.57,-0.60
37703,-0.51,-0.57,-0.60
37721,-0.52,-0.57,-0.60
37740,-0.53,-0.57,-0.61
37758,-0.53,-0.57,-0.62
37777,-0.52,-0.57,-0.62
37795,-0.53,-0.57,-0.60
37814,-0.54,-0.57,-0.59
37832,-0.52,-0.57,-0.59
37851,-0.51,-0.57,-0.61
37869,-0.51,-0.57,-0.62
37888,-0.53,-0.57,-0.61
37906,-0.53,-0.57,-0.60
37925,-0.52,-0.57,-0.60
37943,-0.52,-0.57,-0.61
37962,-0.51,-0.57,-0.61
37980,-0.51,-0.57,-0.60
37999,-0.52,-0.57,-0.60
38017,-0.51,-0.57,-0.61
38036,-0.52,-0.57,-0.62
38054,-0.53,-0.57,-0.62
38073,-0.54,-0.57,-0.60
38091,-0.54,-0.57,-0.60
38110,-0.53,-0.57,-0.60
38128,-0.54,-0.57,-0.60
38147,-0.53,-0.57,-0.61
38165,-0.52,-0.57,-0.61
38184,-0.51,-0.56,-0.62
38202,-0.50,-0.57,-0.61
38221,-0.51,-0.57,-0.60
38239,-0.52,-0.57,-0.59
38258,-0.51,-0.57,-0.59
38276,-0.51,-0.57,-0.59
38295,-0.53,-0.57,-0.60
38313,-0.54,-0.57,-0.61
38332,-0.54,-0.57,-0.61
38350,-0.52,-0.57,-0.60
38369,-0.51,-0.58,-0.61
38387,-0.52,-0.57,-0.61
38406,-0.53,-0.58,-0.61
38424,-0.53,-0.58,-0.61
38443,-0.52,-0.58,-0.61
38461,-0.52,-0.57,-0.61
38480,-0.52,-0.57,-0.61
38498,-0.51,-0.57,-0.62
38517,-0.52,-0.57,-0.61
38535,-0.53,-0.57,-0.60
38554,-0.52,-0.57,-0.60
38572,-0.52,-0.57,-0.59
38591,-0.53,-0.57,-0.60
38609,-0.52,-0.57,-0.60
38628,-0.52,-0.57,-0.62
38646,-0.53,-0.57,-0.62
38665,-0.53,-0.57,-0.61
38683,-0.51,-0.57,-0.60
38702,-0.51,-0.57,-0.60
38720,-0.50,-0.57,-0.60
38739,-0.51,-0.57,-0.60
38757,-0.52,-0.57,-0.61
38776,-0.51,-0.57,-0.62
38794,-0.52,-0.58,-0.62
38813,-0.54,-0.57,-0.60
38831,-0.54,-0.57,-0.59
38850,-0.52,-0.57,-0.60
38868,-0.51,-0.57,-0.61
38887,-0.52,-0.57,-0.60
38905,-0.52,-0.57,-0.60
38924,-0.52,-0.57,-0.60
38942,-0.51,-0.57,-0.60
38961,-0.50,-0.56,-0.60
38979,-0.51,-0.55,-0.62
38998,-0.51,-0.56,-0.64
39016,-0.53,-0.57,-0.63
39035,-0.54,-0.57,-0.61
39053,-0.53,-0.57,-0.59
39072,-0.51,-0.57,-0.59
39090,-0.50,-0.57,-0.60
39109,-0.52,-0.56,-0.61
39127,-0.51,-0.56,-0.61
39146,-0.51,-0.56,-0.60
39164,-0.51,-0.56,-0.59
39183,-0.50,-0.56,-0.58
39201,-0.48,-0.56,-0.57
39220,-0.47,-0.59,-0.52
39238,-0.47,-0.57,-0.55
39257,-0.50,-0.59,-0.56
39275,-0.55,-0.54,-0.67
39294,-0.51,-0.57,-0.53
39312,-0.49,-0.52,-0.63
39331,-0.47,-0.52,-0.72
39349,-0.46,-0.15,-1.09
39368,-0.26,-0.61,0.33
39386,-0.39,-0.50,-0.81
39405,-0.53,-0.47,-0.43
39423,-0.58,-0.43,-0.74
39442,-0.55,-0.43,-0.65
39460,-0.49,-0.48,-0.81
39479,-0.63,-0.57,-1.06
39497,-0.84,-0.48,-1.19
39516,-0.92,-0.39,-1.10
39534,-0.87,-0.38,-0.84
39553,-0.66,-0.44,-0.57
39571,-0.50,-0.49,-0.45
39590,-0.47,-0.48,-0.45
39608,-0.51,-0.46,-0.50
39627,-0.59,-0.47,-0.58
39645,-0.63,-0.46,-0.63
39664,-0.59,-0.44,-0.65
39682,-0.54,-0.43,-0.56
39701,-0.47,-0.43,-0.42
39719,-0.42,-0.42,-0.40
39738,-0.40,-0.45,-0.41
39756,-0.42,-0.42,-0.37
39775,-0.46,-0.38,-0.52
39793,-0.52,-0.35,-0.52
39812,-0.56,-0.30,-0.63
39830,-0.56,-0.29,-0.81
39849,-0.59,-0.28,-0.84
39867,-0.69,-0.29,-0.78
39886,-1.14,-0.26,-0.85
39904,-1.02,-0.19,-1.15
39923,-0.70,-0.35,-0.81
39941,-0.81,-0.29,-0.71
39960,-0.72,-0.26,-0.92
39978,-0.64,-0.26,-0.84
39997,-0.60,-0.27,-0.66
40015,-0.56,-0.29,-0.63
40034,-0.57,-0.21,-0.67
40052,-0.63,-0.22,-0.87
40071,-0.71,-0.27,-0.85
40089,-0.73,-0.26,-0.74
40108,-0.66,-0.27,-0.66
40126,-0.60,-0.28,-0.62
40145,-0.60,-0.27,-0.63
40163,-0.64,-0.27,-0.66
40182,-0.65,-0.26,-0.68
40200,-0.64,-0.26,-0.70
40219,-0.63,-0.26,-0.68
40237,-0.62,-0.26,-0.68
40256,-0.59,-0.25,-0.68
40274,-0.60,-0.18,-0.78
40293,-0.62,-0.23,-0.88
40311,-0.71,-0.24,-0.90
40330,-0.72,-0.25,-0.74
40348,-0.63,-0.27,-0.61
40367,-0.59,-0.28,-0.58
40385,-0.62,-0.27,-0.62
40404,-0.65,-0.26,-0.67
40422,-0.65,-0.26,-0.71
40441,-0.65,-0.26,-0.71
40459,-0.65,-0.25,-0.69
40478,-0.64,-0.24,-0.69
40496,-0.63,-0.23,-0.74
40515,-0.64,-0.23,-0.77
40533,-0.66,-0.20,-0.84
40552,-0.67,-0.23,-0.83
40570,-0.68,-0.27,-0.70
40589,-0.65,-0.26,-0.59
40607,-0.63,-0.28,-0.56
40626,-0.64,-0.27,-0.60
40644,-0.67,-0.27,-0.62
40663,-0.68,-0.27,-0.65
40681,-0.68,-0.25,-0.68
40700,-0.67,-0.24,-0.72
40718,-0.69,-0.26,-0.71
40737,-0.69,-0.26,-0.66
40755,-0.69,-0.25,-0.65
40774,-0.69,-0.26,-0.65
40792,-0.68,-0.27,-0.66
40811,-0.70,-0.28,-0.63
40829,-0.69,-0.28,-0.59
40848,-0.68,-0.28,-0.59
40866,-0.69,-0.28,-0.60
40885,-0.71,-0.26,-0.63
40903,-0.71,-0.26,-0.66
40922,-0.70,-0.27,-0.64
40940,-0.70,-0.28,-0.61
40959,-0.71,-0.27,-0.61
40977,-0.72,-0.27,-0.67
40996,-0.72,-0.26,-0.66
41014,-0.71,-0.28,-0.61
41033,-0.70,-0.28,-0.59
41051,-0.71,-0.28,-0.58
41070,-0.70,-0.28,-0.59
41088,-0.70,-0.27,-0.61
41107,-0.71,-0.28,-0.63
41125,-0.71,-0.27,-0.62
41144,-0.70,-0.26,-0.63
41162,-0.71,-0.27,-0.65
41181,-0.72,-0.23,-0.69
41199,-0.71,-0.27,-0.74
41218,-0.73,-0.27,-0.67
41236,-0.71,-0.28,-0.59
41255,-0.69,-0.28,-0.58
41273,-0.69,-0.28,-0.59
41292,-0.70,-0.27,-0.62
41310,-0.71,-0.28,-0.63
41329,-0.71,-0.28,-0.62
41347,-0.71,-0.26,-0.64
41366,-0.71,-0.26,-0.66
41384,-0.72,-0.25,-0.69
41403,-0.72,-0.29,-0.67
41421,-0.73,-0.27,-0.58
41440,-0.72,-0.29,-0.56
41458,-0.71,-0.26,-0.61
41477,-0.72,-0.28,-0.67
41495,-0.74,-0.28,-0.62
41514,-0.72,-0.27,-0.57
41532,-0.71,-0.28,-0.57
41551,-0.72,-0.27,-0.58
41569,-0.74,-0.28,-0.57
41588,-0.74,-0.27,-0.55
41606,-0.74,-0.27,-0.58
41625,-0.76,-0.28,-0.59
41643,-0.76,-0.29,-0.55
41662,-0.74,-0.29,-0.52
41680,-0.76,-0.30,-0.56
41699,-0.77,-0.30,-0.56
41717,-0.77,-0.30,-0.55
41736,-0.80,-0.28,-0.60
41754,-0.79,-0.28,-0.61
41773,-0.77,-0.29,-0.53
41791,-0.75,-0.29,-0.50
41810,-0.75,-0.29,-0.51
41828,-0.76,-0.29,-0.51
41847,-0.77,-0.29,-0.49
41865,-0.77,-0.29,-0.51
41884,-0.78,-0.28,-0.54
41902,-0.79,-0.29,-0.55
41921,-0.79,-0.30,-0.55
41939,-0.78,-0.29,-0.52
41958,-0.77,-0.29,-0.50
41976,-0.77,-0.29,-0.53
41995,-0.79,-0.29,-0.54
42013,-0.79,-0.29,-0.52
42032,-0.77,-0.29,-0.49
42050,-0.77,-0.30,-0.49
42069,-0.79,-0.29,-0.51
42087,-0.80,-0.29,-0.55
42106,-0.80,-0.30,-0.52
42124,-0.80,-0.30,-0.49
42143,-0.78,-0.26,-0.54
42161,-0.77,-0.30,-0.56
42180,-0.81,-0.29,-0.50
42198,-0.78,-0.29,-0.51
42217,-0.79,-0.29,-0.52
42235,-0.80,-0.30,-0.49
42254,-0.79,-0.30,-0.47
42272,-0.78,-0.30,-0.47
42291,-0.79,-0.30,-0.48
42309,-0.80,-0.29,-0.49
42328,-0.80,-0.29,-0.54
42346,-0.81,-0.29,-0.53
42365,-0.81,-0.30,-0.49
42383,-0.81,-0.30,-0.48
42402,-0.80,-0.30,-0.47
42420,-0.80,-0.30,-0.48
42439,-0.82,-0.30,-0.50
42457,-0.82,-0.29,-0.49
42476,-0.80,-0.30,-0.49
42494,-0.79,-0.30,-0.46
42513,-0.80,-0.30,-0.46
42531,-0.80,-0.31,-0.47
42550,-0.81,-0.30,-0.46
42568,-0.80,-0.30,-0.46
42587,-0.82,-0.29,-0.50
42605,-0.82,-0.31,-0.50
42624,-0.82,-0.29,-0.50
42642,-0.80,-0.30,-0.51
42661,-0.81,-0.30,-0.47
42679,-0.81,-0.30,-0.44
42698,-0.80,-0.31,-0.46
42716,-0.81,-0.30,-0.48
42735,-0.81,-0.30,-0.47
42753,-0.82,-0.30,-0.45
42772,-0.81,-0.30,-0.45
42790,-0.82,-0.31,-0.46
42809,-0.83,-0.30,-0.46
42827,-0.82,-0.31,-0.47
42846,-0.83,-0.30,-0.46
42864,-0.81,-0.30,-0.45
42883,-0.81,-0.31,-0.45
42901,-0.82,-0.31,-0.43
42920,-0.81,-0.31,-0.43
